nameOfIssuer,nameOfIssuer_link,cusip,value,fund_name
Invesco QQQ Trust Series 1,"<a href=""http://www.google.com/search?q=stock price Invesco QQQ Trust Series 1"" 
        target=""_blank"">Invesco QQQ Trust Series 1</a>",46090E103,265104000,['ANSON FUNDS']
MICRON TECHNOLOGY INC COM,"<a href=""http://www.google.com/search?q=stock price MICRON TECHNOLOGY INC COM"" 
        target=""_blank"">MICRON TECHNOLOGY INC COM</a>",595112103,248518637,['CAPITAL FUND MANAGEMENT']
ADVANCED MICRO DEVICES INC COM,"<a href=""http://www.google.com/search?q=stock price ADVANCED MICRO DEVICES INC COM"" 
        target=""_blank"">ADVANCED MICRO DEVICES INC COM</a>",007903107,89808686,['CAPITAL FUND MANAGEMENT']
STATE STR SPDR S&P 500 ETF T TR UNIT,"<a href=""http://www.google.com/search?q=stock price STATE STR SPDR S&P 500 ETF T TR UNIT"" 
        target=""_blank"">STATE STR SPDR S&P 500 ETF T TR UNIT</a>",78462F103,82667439,['CAPITAL FUND MANAGEMENT']
APPLE INC COM,"<a href=""http://www.google.com/search?q=stock price APPLE INC COM"" 
        target=""_blank"">APPLE INC COM</a>",037833100,80789312,['CAPITAL FUND MANAGEMENT']
TAIWAN SEMICONDUCTOR MANUFAC SPONSORED ADS,"<a href=""http://www.google.com/search?q=stock price TAIWAN SEMICONDUCTOR MANUFAC SPONSORED ADS"" 
        target=""_blank"">TAIWAN SEMICONDUCTOR MANUFAC SPONSORED ADS</a>",874039100,77557368,['CAPITAL FUND MANAGEMENT']
INTEL CORP COM,"<a href=""http://www.google.com/search?q=stock price INTEL CORP COM"" 
        target=""_blank"">INTEL CORP COM</a>",458140100,74464679,['CAPITAL FUND MANAGEMENT']
TESLA INC COM,"<a href=""http://www.google.com/search?q=stock price TESLA INC COM"" 
        target=""_blank"">TESLA INC COM</a>",88160R101,67758660,['CAPITAL FUND MANAGEMENT']
VANECK ETF TRUST SEMICONDUCTR ETF,"<a href=""http://www.google.com/search?q=stock price VANECK ETF TRUST SEMICONDUCTR ETF"" 
        target=""_blank"">VANECK ETF TRUST SEMICONDUCTR ETF</a>",92189F676,67753437,['CAPITAL FUND MANAGEMENT']
iShares MSCI Canada ETF,"<a href=""http://www.google.com/search?q=stock price iShares MSCI Canada ETF"" 
        target=""_blank"">iShares MSCI Canada ETF</a>",464286509,57640000,['ANSON FUNDS']
CATERPILLAR INC COM,"<a href=""http://www.google.com/search?q=stock price CATERPILLAR INC COM"" 
        target=""_blank"">CATERPILLAR INC COM</a>",149123101,56226720,['CAPITAL FUND MANAGEMENT']
UNITEDHEALTH GROUP INC COM,"<a href=""http://www.google.com/search?q=stock price UNITEDHEALTH GROUP INC COM"" 
        target=""_blank"">UNITEDHEALTH GROUP INC COM</a>",91324P102,52535632,['CAPITAL FUND MANAGEMENT']
ARM HOLDINGS PLC SPONSORED ADS,"<a href=""http://www.google.com/search?q=stock price ARM HOLDINGS PLC SPONSORED ADS"" 
        target=""_blank"">ARM HOLDINGS PLC SPONSORED ADS</a>",042068205,49214316,['CAPITAL FUND MANAGEMENT']
NVIDIA CORPORATION COM,"<a href=""http://www.google.com/search?q=stock price NVIDIA CORPORATION COM"" 
        target=""_blank"">NVIDIA CORPORATION COM</a>",67066G104,48321735,['CAPITAL FUND MANAGEMENT']
WESTERN DIGITAL CORP COM,"<a href=""http://www.google.com/search?q=stock price WESTERN DIGITAL CORP COM"" 
        target=""_blank"">WESTERN DIGITAL CORP COM</a>",958102105,48159488,['CAPITAL FUND MANAGEMENT']
GOLDMAN SACHS GROUP INC COM,"<a href=""http://www.google.com/search?q=stock price GOLDMAN SACHS GROUP INC COM"" 
        target=""_blank"">GOLDMAN SACHS GROUP INC COM</a>",38141G104,48040075,['CAPITAL FUND MANAGEMENT']
SPDR SERIES TRUST ST STR SP REGBNK,"<a href=""http://www.google.com/search?q=stock price SPDR SERIES TRUST ST STR SP REGBNK"" 
        target=""_blank"">SPDR SERIES TRUST ST STR SP REGBNK</a>",78464A698,47058195,['CAPITAL FUND MANAGEMENT']
LAM RESEARCH CORP COM NEW,"<a href=""http://www.google.com/search?q=stock price LAM RESEARCH CORP COM NEW"" 
        target=""_blank"">LAM RESEARCH CORP COM NEW</a>",512807306,45239652,['CAPITAL FUND MANAGEMENT']
ELI LILLY & CO COM,"<a href=""http://www.google.com/search?q=stock price ELI LILLY & CO COM"" 
        target=""_blank"">ELI LILLY & CO COM</a>",532457108,42939594,['CAPITAL FUND MANAGEMENT']
SELECT SECTOR SPDR TR ST STR FINL ETF,"<a href=""http://www.google.com/search?q=stock price SELECT SECTOR SPDR TR ST STR FINL ETF"" 
        target=""_blank"">SELECT SECTOR SPDR TR ST STR FINL ETF</a>",81369Y605,42893361,['CAPITAL FUND MANAGEMENT']
ORACLE CORP COM,"<a href=""http://www.google.com/search?q=stock price ORACLE CORP COM"" 
        target=""_blank"">ORACLE CORP COM</a>",68389X105,40491765,['CAPITAL FUND MANAGEMENT']
MARVELL TECHNOLOGY INC COM,"<a href=""http://www.google.com/search?q=stock price MARVELL TECHNOLOGY INC COM"" 
        target=""_blank"">MARVELL TECHNOLOGY INC COM</a>",573874104,39947049,['CAPITAL FUND MANAGEMENT']
META PLATFORMS INC CL A,"<a href=""http://www.google.com/search?q=stock price META PLATFORMS INC CL A"" 
        target=""_blank"">META PLATFORMS INC CL A</a>",30303M102,39035997,['CAPITAL FUND MANAGEMENT']
LUMENTUM HLDGS INC COM,"<a href=""http://www.google.com/search?q=stock price LUMENTUM HLDGS INC COM"" 
        target=""_blank"">LUMENTUM HLDGS INC COM</a>",55024U109,37840446,['CAPITAL FUND MANAGEMENT']
JPMORGAN CHASE & CO COM,"<a href=""http://www.google.com/search?q=stock price JPMORGAN CHASE & CO COM"" 
        target=""_blank"">JPMORGAN CHASE & CO COM</a>",46625H100,36104499,['CAPITAL FUND MANAGEMENT']
SANDISK CORP COM,"<a href=""http://www.google.com/search?q=stock price SANDISK CORP COM"" 
        target=""_blank"">SANDISK CORP COM</a>",80004C200,35470188,['CAPITAL FUND MANAGEMENT']
VANECK ETF TRUST,"<a href=""http://www.google.com/search?q=stock price VANECK ETF TRUST"" 
        target=""_blank"">VANECK ETF TRUST</a>",92189F106,33778335,"['MKP Capital Management, L.L.C.']"
ISHARES INC MSCI BRAZIL ETF,"<a href=""http://www.google.com/search?q=stock price ISHARES INC MSCI BRAZIL ETF"" 
        target=""_blank"">ISHARES INC MSCI BRAZIL ETF</a>",464286400,33692700,['CAPITAL FUND MANAGEMENT']
SALESFORCE INC COM,"<a href=""http://www.google.com/search?q=stock price SALESFORCE INC COM"" 
        target=""_blank"">SALESFORCE INC COM</a>",79466L302,33023928,['CAPITAL FUND MANAGEMENT']
ASTERA LABS INC COM,"<a href=""http://www.google.com/search?q=stock price ASTERA LABS INC COM"" 
        target=""_blank"">ASTERA LABS INC COM</a>",04626A103,32555548,['CAPITAL FUND MANAGEMENT']
SELECT SECTOR SPDR TR ST STR TECHN ETF,"<a href=""http://www.google.com/search?q=stock price SELECT SECTOR SPDR TR ST STR TECHN ETF"" 
        target=""_blank"">SELECT SECTOR SPDR TR ST STR TECHN ETF</a>",81369Y803,32369348,['CAPITAL FUND MANAGEMENT']
CITIGROUP INC COM NEW,"<a href=""http://www.google.com/search?q=stock price CITIGROUP INC COM NEW"" 
        target=""_blank"">CITIGROUP INC COM NEW</a>",172967424,32134816,['CAPITAL FUND MANAGEMENT']
CROWDSTRIKE HLDGS INC CL A,"<a href=""http://www.google.com/search?q=stock price CROWDSTRIKE HLDGS INC CL A"" 
        target=""_blank"">CROWDSTRIKE HLDGS INC CL A</a>",22788C105,32128194,['CAPITAL FUND MANAGEMENT']
BROADCOM INC COM,"<a href=""http://www.google.com/search?q=stock price BROADCOM INC COM"" 
        target=""_blank"">BROADCOM INC COM</a>",11135F101,32033200,['CAPITAL FUND MANAGEMENT']
ASML HLDG NV N Y REGISTRY SHS,"<a href=""http://www.google.com/search?q=stock price ASML HLDG NV N Y REGISTRY SHS"" 
        target=""_blank"">ASML HLDG NV N Y REGISTRY SHS</a>",N07059210,31632096,['CAPITAL FUND MANAGEMENT']
MICROSOFT CORP COM,"<a href=""http://www.google.com/search?q=stock price MICROSOFT CORP COM"" 
        target=""_blank"">MICROSOFT CORP COM</a>",594918104,31109868,['CAPITAL FUND MANAGEMENT']
AMAZON COM INC COM,"<a href=""http://www.google.com/search?q=stock price AMAZON COM INC COM"" 
        target=""_blank"">AMAZON COM INC COM</a>",023135106,31103370,['CAPITAL FUND MANAGEMENT']
JOHNSON & JOHNSON COM,"<a href=""http://www.google.com/search?q=stock price JOHNSON & JOHNSON COM"" 
        target=""_blank"">JOHNSON & JOHNSON COM</a>",478160104,30704973,['CAPITAL FUND MANAGEMENT']
PALO ALTO NETWORKS INC COM,"<a href=""http://www.google.com/search?q=stock price PALO ALTO NETWORKS INC COM"" 
        target=""_blank"">PALO ALTO NETWORKS INC COM</a>",697435105,29771046,['CAPITAL FUND MANAGEMENT']
DELL TECHNOLOGIES INC CL C,"<a href=""http://www.google.com/search?q=stock price DELL TECHNOLOGIES INC CL C"" 
        target=""_blank"">DELL TECHNOLOGIES INC CL C</a>",24703L202,28519506,['CAPITAL FUND MANAGEMENT']
SanDisk LLC,"<a href=""http://www.google.com/search?q=stock price SanDisk LLC"" 
        target=""_blank"">SanDisk LLC</a>",80004C200,28421625,['ANSON FUNDS']
ALPHABET INC CAP STK CL A,"<a href=""http://www.google.com/search?q=stock price ALPHABET INC CAP STK CL A"" 
        target=""_blank"">ALPHABET INC CAP STK CL A</a>",02079K305,27624701,['CAPITAL FUND MANAGEMENT']
SELLAS Life Sciences Group Inc,"<a href=""http://www.google.com/search?q=stock price SELLAS Life Sciences Group Inc"" 
        target=""_blank"">SELLAS Life Sciences Group Inc</a>",81642T209,27245484,['ANSON FUNDS']
GE VERNOVA INC COM,"<a href=""http://www.google.com/search?q=stock price GE VERNOVA INC COM"" 
        target=""_blank"">GE VERNOVA INC COM</a>",36828A101,26434350,['CAPITAL FUND MANAGEMENT']
BOOKING HOLDINGS INC COM,"<a href=""http://www.google.com/search?q=stock price BOOKING HOLDINGS INC COM"" 
        target=""_blank"">BOOKING HOLDINGS INC COM</a>",09857L108,25167488,['CAPITAL FUND MANAGEMENT']
VANECK ETF TRUST GOLD MINERS ETF,"<a href=""http://www.google.com/search?q=stock price VANECK ETF TRUST GOLD MINERS ETF"" 
        target=""_blank"">VANECK ETF TRUST GOLD MINERS ETF</a>",92189F106,25139940,['CAPITAL FUND MANAGEMENT']
BANK OF AMER CORP COM,"<a href=""http://www.google.com/search?q=stock price BANK OF AMER CORP COM"" 
        target=""_blank"">BANK OF AMER CORP COM</a>",060505104,24951542,['CAPITAL FUND MANAGEMENT']
BOEING CO COM,"<a href=""http://www.google.com/search?q=stock price BOEING CO COM"" 
        target=""_blank"">BOEING CO COM</a>",097023105,24677580,['CAPITAL FUND MANAGEMENT']
ROBINHOOD MKTS INC COM CL A,"<a href=""http://www.google.com/search?q=stock price ROBINHOOD MKTS INC COM CL A"" 
        target=""_blank"">ROBINHOOD MKTS INC COM CL A</a>",770700102,24598684,['CAPITAL FUND MANAGEMENT']
STARBUCKS CORP COM,"<a href=""http://www.google.com/search?q=stock price STARBUCKS CORP COM"" 
        target=""_blank"">STARBUCKS CORP COM</a>",855244109,24096402,['CAPITAL FUND MANAGEMENT']
PALANTIR TECHNOLOGIES INC CL A,"<a href=""http://www.google.com/search?q=stock price PALANTIR TECHNOLOGIES INC CL A"" 
        target=""_blank"">PALANTIR TECHNOLOGIES INC CL A</a>",69608A108,23975685,['CAPITAL FUND MANAGEMENT']
STATE STR SPDR DOW JONES IND UT SER 1,"<a href=""http://www.google.com/search?q=stock price STATE STR SPDR DOW JONES IND UT SER 1"" 
        target=""_blank"">STATE STR SPDR DOW JONES IND UT SER 1</a>",78467X109,23455311,['CAPITAL FUND MANAGEMENT']
SOFI TECHNOLOGIES INC COM,"<a href=""http://www.google.com/search?q=stock price SOFI TECHNOLOGIES INC COM"" 
        target=""_blank"">SOFI TECHNOLOGIES INC COM</a>",83406F102,23441682,['CAPITAL FUND MANAGEMENT']
BERKSHIRE HATHAWAY INC DEL CL B NEW,"<a href=""http://www.google.com/search?q=stock price BERKSHIRE HATHAWAY INC DEL CL B NEW"" 
        target=""_blank"">BERKSHIRE HATHAWAY INC DEL CL B NEW</a>",084670702,23318174,['CAPITAL FUND MANAGEMENT']
INTUITIVE SURGICAL INC COM NEW,"<a href=""http://www.google.com/search?q=stock price INTUITIVE SURGICAL INC COM NEW"" 
        target=""_blank"">INTUITIVE SURGICAL INC COM NEW</a>",46120E602,23144976,['CAPITAL FUND MANAGEMENT']
APPLIED MATLS INC COM,"<a href=""http://www.google.com/search?q=stock price APPLIED MATLS INC COM"" 
        target=""_blank"">APPLIED MATLS INC COM</a>",038222105,22991400,['CAPITAL FUND MANAGEMENT']
DISNEY WALT CO COM,"<a href=""http://www.google.com/search?q=stock price DISNEY WALT CO COM"" 
        target=""_blank"">DISNEY WALT CO COM</a>",254687106,22792000,['CAPITAL FUND MANAGEMENT']
State Street SPDR S&P 500 ETF Trust,"<a href=""http://www.google.com/search?q=stock price State Street SPDR S&P 500 ETF Trust"" 
        target=""_blank"">State Street SPDR S&P 500 ETF Trust</a>",78462F103,22403100,['ANSON FUNDS']
WELLS FARGO & CO COM,"<a href=""http://www.google.com/search?q=stock price WELLS FARGO & CO COM"" 
        target=""_blank"">WELLS FARGO & CO COM</a>",949746101,22395440,['CAPITAL FUND MANAGEMENT']
QUALCOMM INC COM,"<a href=""http://www.google.com/search?q=stock price QUALCOMM INC COM"" 
        target=""_blank"">QUALCOMM INC COM</a>",747525103,22304153,['CAPITAL FUND MANAGEMENT']
VISA INC COM CL A,"<a href=""http://www.google.com/search?q=stock price VISA INC COM CL A"" 
        target=""_blank"">VISA INC COM CL A</a>",92826C839,22197923,['CAPITAL FUND MANAGEMENT']
SERVICENOW INC COM,"<a href=""http://www.google.com/search?q=stock price SERVICENOW INC COM"" 
        target=""_blank"">SERVICENOW INC COM</a>",81762P102,22089800,['CAPITAL FUND MANAGEMENT']
CISCO SYS INC COM,"<a href=""http://www.google.com/search?q=stock price CISCO SYS INC COM"" 
        target=""_blank"">CISCO SYS INC COM</a>",17275R102,21953274,['CAPITAL FUND MANAGEMENT']
NEBIUS GROUP N.V. SHS CLASS A,"<a href=""http://www.google.com/search?q=stock price NEBIUS GROUP N.V. SHS CLASS A"" 
        target=""_blank"">NEBIUS GROUP N.V. SHS CLASS A</a>",N97284108,21596494,['CAPITAL FUND MANAGEMENT']
VISTRA CORP COM,"<a href=""http://www.google.com/search?q=stock price VISTRA CORP COM"" 
        target=""_blank"">VISTRA CORP COM</a>",92840M102,20732941,['CAPITAL FUND MANAGEMENT']
COSTCO WHOLESALE CORPORATION COM,"<a href=""http://www.google.com/search?q=stock price COSTCO WHOLESALE CORPORATION COM"" 
        target=""_blank"">COSTCO WHOLESALE CORPORATION COM</a>",22160K105,20299699,['CAPITAL FUND MANAGEMENT']
COREWEAVE INC COM CL A,"<a href=""http://www.google.com/search?q=stock price COREWEAVE INC COM CL A"" 
        target=""_blank"">COREWEAVE INC COM CL A</a>",21873S108,20166804,['CAPITAL FUND MANAGEMENT']
AMERICAN EXPRESS CO COM,"<a href=""http://www.google.com/search?q=stock price AMERICAN EXPRESS CO COM"" 
        target=""_blank"">AMERICAN EXPRESS CO COM</a>",025816109,19652325,['CAPITAL FUND MANAGEMENT']
SELECT SECTOR SPDR TR ST STR ENERG ETF,"<a href=""http://www.google.com/search?q=stock price SELECT SECTOR SPDR TR ST STR ENERG ETF"" 
        target=""_blank"">SELECT SECTOR SPDR TR ST STR ENERG ETF</a>",81369Y506,19517925,['CAPITAL FUND MANAGEMENT']
SNOWFLAKE INC COM SHS,"<a href=""http://www.google.com/search?q=stock price SNOWFLAKE INC COM SHS"" 
        target=""_blank"">SNOWFLAKE INC COM SHS</a>",833445109,19469250,['CAPITAL FUND MANAGEMENT']
MERCK & CO INC COM,"<a href=""http://www.google.com/search?q=stock price MERCK & CO INC COM"" 
        target=""_blank"">MERCK & CO INC COM</a>",58933Y105,19339250,['CAPITAL FUND MANAGEMENT']
KLA CORP COM NEW,"<a href=""http://www.google.com/search?q=stock price KLA CORP COM NEW"" 
        target=""_blank"">KLA CORP COM NEW</a>",482480100,19279269,['CAPITAL FUND MANAGEMENT']
PAYPAL HLDGS INC COM,"<a href=""http://www.google.com/search?q=stock price PAYPAL HLDGS INC COM"" 
        target=""_blank"">PAYPAL HLDGS INC COM</a>",70450Y103,19241008,['CAPITAL FUND MANAGEMENT']
NOVO-NORDISK A S ADR,"<a href=""http://www.google.com/search?q=stock price NOVO-NORDISK A S ADR"" 
        target=""_blank"">NOVO-NORDISK A S ADR</a>",670100205,18787686,['CAPITAL FUND MANAGEMENT']
SELECT SECTOR SPDR TR ST STR UTIL ETF,"<a href=""http://www.google.com/search?q=stock price SELECT SECTOR SPDR TR ST STR UTIL ETF"" 
        target=""_blank"">SELECT SECTOR SPDR TR ST STR UTIL ETF</a>",81369Y886,18603002,['CAPITAL FUND MANAGEMENT']
NIKE INC CL B,"<a href=""http://www.google.com/search?q=stock price NIKE INC CL B"" 
        target=""_blank"">NIKE INC CL B</a>",654106103,18152310,['CAPITAL FUND MANAGEMENT']
NETFLIX INC. COM,"<a href=""http://www.google.com/search?q=stock price NETFLIX INC. COM"" 
        target=""_blank"">NETFLIX INC. COM</a>",64110L106,17957100,['CAPITAL FUND MANAGEMENT']
ISHARES TR RUSSELL 2000 ETF,"<a href=""http://www.google.com/search?q=stock price ISHARES TR RUSSELL 2000 ETF"" 
        target=""_blank"">ISHARES TR RUSSELL 2000 ETF</a>",464287655,17846730,['CAPITAL FUND MANAGEMENT']
GENERAL MTRS CO COM,"<a href=""http://www.google.com/search?q=stock price GENERAL MTRS CO COM"" 
        target=""_blank"">GENERAL MTRS CO COM</a>",37045V100,17481744,['CAPITAL FUND MANAGEMENT']
ABBOTT LABORATORIES COM,"<a href=""http://www.google.com/search?q=stock price ABBOTT LABORATORIES COM"" 
        target=""_blank"">ABBOTT LABORATORIES COM</a>",002824100,16433014,['CAPITAL FUND MANAGEMENT']
UBER TECHNOLOGIES INC COM,"<a href=""http://www.google.com/search?q=stock price UBER TECHNOLOGIES INC COM"" 
        target=""_blank"">UBER TECHNOLOGIES INC COM</a>",90353T100,15904064,['CAPITAL FUND MANAGEMENT']
WALMART INC COM,"<a href=""http://www.google.com/search?q=stock price WALMART INC COM"" 
        target=""_blank"">WALMART INC COM</a>",931142103,15641206,['CAPITAL FUND MANAGEMENT']
TEXAS INSTRS INC COM,"<a href=""http://www.google.com/search?q=stock price TEXAS INSTRS INC COM"" 
        target=""_blank"">TEXAS INSTRS INC COM</a>",882508104,15529447,['CAPITAL FUND MANAGEMENT']
VERTIV HOLDINGS CO COM CL A,"<a href=""http://www.google.com/search?q=stock price VERTIV HOLDINGS CO COM CL A"" 
        target=""_blank"">VERTIV HOLDINGS CO COM CL A</a>",92537N108,15066900,['CAPITAL FUND MANAGEMENT']
GE AEROSPACE COM NEW,"<a href=""http://www.google.com/search?q=stock price GE AEROSPACE COM NEW"" 
        target=""_blank"">GE AEROSPACE COM NEW</a>",369604301,14911827,['CAPITAL FUND MANAGEMENT']
SEAGATE TECHNOLOGY HLDNGS PL ORD SHS,"<a href=""http://www.google.com/search?q=stock price SEAGATE TECHNOLOGY HLDNGS PL ORD SHS"" 
        target=""_blank"">SEAGATE TECHNOLOGY HLDNGS PL ORD SHS</a>",G7997R103,14861000,['CAPITAL FUND MANAGEMENT']
VanEck Junior Gold Miners ETF,"<a href=""http://www.google.com/search?q=stock price VanEck Junior Gold Miners ETF"" 
        target=""_blank"">VanEck Junior Gold Miners ETF</a>",92189F791,14737500,['ANSON FUNDS']
SLB LIMITED COM STK,"<a href=""http://www.google.com/search?q=stock price SLB LIMITED COM STK"" 
        target=""_blank"">SLB LIMITED COM STK</a>",806857108,14467688,['CAPITAL FUND MANAGEMENT']
MASTERCARD INCORPORATED CL A,"<a href=""http://www.google.com/search?q=stock price MASTERCARD INCORPORATED CL A"" 
        target=""_blank"">MASTERCARD INCORPORATED CL A</a>",57636Q104,14072640,['CAPITAL FUND MANAGEMENT']
WORKDAY INC CL A,"<a href=""http://www.google.com/search?q=stock price WORKDAY INC CL A"" 
        target=""_blank"">WORKDAY INC CL A</a>",98138H101,14053816,['CAPITAL FUND MANAGEMENT']
CARVANA CO CL A,"<a href=""http://www.google.com/search?q=stock price CARVANA CO CL A"" 
        target=""_blank"">CARVANA CO CL A</a>",146869102,13769544,['CAPITAL FUND MANAGEMENT']
SHOPIFY INC CL A SUB VTG SHS,"<a href=""http://www.google.com/search?q=stock price SHOPIFY INC CL A SUB VTG SHS"" 
        target=""_blank"">SHOPIFY INC CL A SUB VTG SHS</a>",82509L107,13701600,['CAPITAL FUND MANAGEMENT']
HALLIBURTON CO COM,"<a href=""http://www.google.com/search?q=stock price HALLIBURTON CO COM"" 
        target=""_blank"">HALLIBURTON CO COM</a>",406216101,13593580,['CAPITAL FUND MANAGEMENT']
REDDIT INC CL A,"<a href=""http://www.google.com/search?q=stock price REDDIT INC CL A"" 
        target=""_blank"">REDDIT INC CL A</a>",75734B100,13591314,['CAPITAL FUND MANAGEMENT']
BLACKSTONE INC COM,"<a href=""http://www.google.com/search?q=stock price BLACKSTONE INC COM"" 
        target=""_blank"">BLACKSTONE INC COM</a>",09260D107,13473215,['CAPITAL FUND MANAGEMENT']
UNITED PARCEL SVCS INC CL B,"<a href=""http://www.google.com/search?q=stock price UNITED PARCEL SVCS INC CL B"" 
        target=""_blank"">UNITED PARCEL SVCS INC CL B</a>",911312106,13222500,['CAPITAL FUND MANAGEMENT']
FORTINET INC COM,"<a href=""http://www.google.com/search?q=stock price FORTINET INC COM"" 
        target=""_blank"">FORTINET INC COM</a>",34959E109,13211320,['CAPITAL FUND MANAGEMENT']
PEPSICO INC COM,"<a href=""http://www.google.com/search?q=stock price PEPSICO INC COM"" 
        target=""_blank"">PEPSICO INC COM</a>",713448108,13201500,['CAPITAL FUND MANAGEMENT']
CHEVRON CORPORATION COM,"<a href=""http://www.google.com/search?q=stock price CHEVRON CORPORATION COM"" 
        target=""_blank"">CHEVRON CORPORATION COM</a>",166764100,13078464,['CAPITAL FUND MANAGEMENT']
SPDR SERIES TRUST SP O&G EXPL PRO,"<a href=""http://www.google.com/search?q=stock price SPDR SERIES TRUST SP O&G EXPL PRO"" 
        target=""_blank"">SPDR SERIES TRUST SP O&G EXPL PRO</a>",78468R556,12819006,['CAPITAL FUND MANAGEMENT']
PFIZER INC COM,"<a href=""http://www.google.com/search?q=stock price PFIZER INC COM"" 
        target=""_blank"">PFIZER INC COM</a>",717081103,12757584,['CAPITAL FUND MANAGEMENT']
ISHARES TR MSCI EMG MKT ETF,"<a href=""http://www.google.com/search?q=stock price ISHARES TR MSCI EMG MKT ETF"" 
        target=""_blank"">ISHARES TR MSCI EMG MKT ETF</a>",464287234,12696896,['CAPITAL FUND MANAGEMENT']
GENERAL MILLS INC COM,"<a href=""http://www.google.com/search?q=stock price GENERAL MILLS INC COM"" 
        target=""_blank"">GENERAL MILLS INC COM</a>",370334104,12590640,['CAPITAL FUND MANAGEMENT']
APPLOVIN CORP COM CL A,"<a href=""http://www.google.com/search?q=stock price APPLOVIN CORP COM CL A"" 
        target=""_blank"">APPLOVIN CORP COM CL A</a>",03831W108,12468566,['CAPITAL FUND MANAGEMENT']
AMGEN INC COM,"<a href=""http://www.google.com/search?q=stock price AMGEN INC COM"" 
        target=""_blank"">AMGEN INC COM</a>",031162100,12384504,['CAPITAL FUND MANAGEMENT']
ADOBE INC COM,"<a href=""http://www.google.com/search?q=stock price ADOBE INC COM"" 
        target=""_blank"">ADOBE INC COM</a>",00724F101,12362706,['CAPITAL FUND MANAGEMENT']
BLOOM ENERGY CORP COM CL A,"<a href=""http://www.google.com/search?q=stock price BLOOM ENERGY CORP COM CL A"" 
        target=""_blank"">BLOOM ENERGY CORP COM CL A</a>",093712107,12350160,['CAPITAL FUND MANAGEMENT']
COINBASE GLOBAL INC COM CL A,"<a href=""http://www.google.com/search?q=stock price COINBASE GLOBAL INC COM CL A"" 
        target=""_blank"">COINBASE GLOBAL INC COM CL A</a>",19260Q107,12294579,['CAPITAL FUND MANAGEMENT']
SAP SE SPON ADR,"<a href=""http://www.google.com/search?q=stock price SAP SE SPON ADR"" 
        target=""_blank"">SAP SE SPON ADR</a>",803054204,12282567,['CAPITAL FUND MANAGEMENT']
ECHOSTAR CORP CL A,"<a href=""http://www.google.com/search?q=stock price ECHOSTAR CORP CL A"" 
        target=""_blank"">ECHOSTAR CORP CL A</a>",278768106,12281500,['CAPITAL FUND MANAGEMENT']
TARGET CORP COM,"<a href=""http://www.google.com/search?q=stock price TARGET CORP COM"" 
        target=""_blank"">TARGET CORP COM</a>",87612E106,12264279,['CAPITAL FUND MANAGEMENT']
HOME DEPOT INC COM,"<a href=""http://www.google.com/search?q=stock price HOME DEPOT INC COM"" 
        target=""_blank"">HOME DEPOT INC COM</a>",437076102,12061656,['CAPITAL FUND MANAGEMENT']
LINDE PLC SHS,"<a href=""http://www.google.com/search?q=stock price LINDE PLC SHS"" 
        target=""_blank"">LINDE PLC SHS</a>",G54950103,12039408,['CAPITAL FUND MANAGEMENT']
COHERENT CORP COM,"<a href=""http://www.google.com/search?q=stock price COHERENT CORP COM"" 
        target=""_blank"">COHERENT CORP COM</a>",19247G107,11873547,['CAPITAL FUND MANAGEMENT']
SPDR SERIES TRUST ST STR SP BIOT,"<a href=""http://www.google.com/search?q=stock price SPDR SERIES TRUST ST STR SP BIOT"" 
        target=""_blank"">SPDR SERIES TRUST ST STR SP BIOT</a>",78464A870,11868750,['CAPITAL FUND MANAGEMENT']
SHELL PLC SPON ADS,"<a href=""http://www.google.com/search?q=stock price SHELL PLC SPON ADS"" 
        target=""_blank"">SHELL PLC SPON ADS</a>",780259305,11755064,['CAPITAL FUND MANAGEMENT']
SELECT SECTOR SPDR TR ST STR DISCR ETF,"<a href=""http://www.google.com/search?q=stock price SELECT SECTOR SPDR TR ST STR DISCR ETF"" 
        target=""_blank"">SELECT SECTOR SPDR TR ST STR DISCR ETF</a>",81369Y407,11634176,['CAPITAL FUND MANAGEMENT']
TERADYNE INC COM,"<a href=""http://www.google.com/search?q=stock price TERADYNE INC COM"" 
        target=""_blank"">TERADYNE INC COM</a>",880770102,11563776,['CAPITAL FUND MANAGEMENT']
SELECT SECTOR SPDR TR ST STR CARE ETF,"<a href=""http://www.google.com/search?q=stock price SELECT SECTOR SPDR TR ST STR CARE ETF"" 
        target=""_blank"">SELECT SECTOR SPDR TR ST STR CARE ETF</a>",81369Y209,11550448,['CAPITAL FUND MANAGEMENT']
BRISTOL-MYERS SQUIBB CO COM,"<a href=""http://www.google.com/search?q=stock price BRISTOL-MYERS SQUIBB CO COM"" 
        target=""_blank"">BRISTOL-MYERS SQUIBB CO COM</a>",110122108,11351140,['CAPITAL FUND MANAGEMENT']
MORGAN STANLEY COM NEW,"<a href=""http://www.google.com/search?q=stock price MORGAN STANLEY COM NEW"" 
        target=""_blank"">MORGAN STANLEY COM NEW</a>",617446448,11246352,['CAPITAL FUND MANAGEMENT']
T-MOBILE US INC COM,"<a href=""http://www.google.com/search?q=stock price T-MOBILE US INC COM"" 
        target=""_blank"">T-MOBILE US INC COM</a>",872590104,10986315,['CAPITAL FUND MANAGEMENT']
NOKIA CORP SPONSORED ADR,"<a href=""http://www.google.com/search?q=stock price NOKIA CORP SPONSORED ADR"" 
        target=""_blank"">NOKIA CORP SPONSORED ADR</a>",654902204,10904208,['CAPITAL FUND MANAGEMENT']
LOCKHEED MARTIN CORP COM,"<a href=""http://www.google.com/search?q=stock price LOCKHEED MARTIN CORP COM"" 
        target=""_blank"">LOCKHEED MARTIN CORP COM</a>",539830109,10698660,['CAPITAL FUND MANAGEMENT']
US BANCORP COM NEW,"<a href=""http://www.google.com/search?q=stock price US BANCORP COM NEW"" 
        target=""_blank"">US BANCORP COM NEW</a>",902973304,10672680,['CAPITAL FUND MANAGEMENT']
CHIPOTLE MEXICAN GRILL INC COM,"<a href=""http://www.google.com/search?q=stock price CHIPOTLE MEXICAN GRILL INC COM"" 
        target=""_blank"">CHIPOTLE MEXICAN GRILL INC COM</a>",169656105,10200000,['CAPITAL FUND MANAGEMENT']
AT&T INC COM,"<a href=""http://www.google.com/search?q=stock price AT&T INC COM"" 
        target=""_blank"">AT&T INC COM</a>",00206R102,10064340,['CAPITAL FUND MANAGEMENT']
RIVIAN AUTOMOTIVE INC COM CL A,"<a href=""http://www.google.com/search?q=stock price RIVIAN AUTOMOTIVE INC COM CL A"" 
        target=""_blank"">RIVIAN AUTOMOTIVE INC COM CL A</a>",76954A103,9766315,['CAPITAL FUND MANAGEMENT']
VERIZON COMMUNICATIONS INC COM,"<a href=""http://www.google.com/search?q=stock price VERIZON COMMUNICATIONS INC COM"" 
        target=""_blank"">VERIZON COMMUNICATIONS INC COM</a>",92343V104,9441820,['CAPITAL FUND MANAGEMENT']
ISHARES TR CORE S&P500 ETF,"<a href=""http://www.google.com/search?q=stock price ISHARES TR CORE S&P500 ETF"" 
        target=""_blank"">ISHARES TR CORE S&P500 ETF</a>",464287200,9436014,['CAPITAL FUND MANAGEMENT']
NOVARTIS AG SPONSORED ADR,"<a href=""http://www.google.com/search?q=stock price NOVARTIS AG SPONSORED ADR"" 
        target=""_blank"">NOVARTIS AG SPONSORED ADR</a>",66987V109,9262152,['CAPITAL FUND MANAGEMENT']
AMERICAN AIRLINES GROUP INC COM,"<a href=""http://www.google.com/search?q=stock price AMERICAN AIRLINES GROUP INC COM"" 
        target=""_blank"">AMERICAN AIRLINES GROUP INC COM</a>",02376R102,9253647,['CAPITAL FUND MANAGEMENT']
INTERNATIONAL BUSINESS MACHS COM,"<a href=""http://www.google.com/search?q=stock price INTERNATIONAL BUSINESS MACHS COM"" 
        target=""_blank"">INTERNATIONAL BUSINESS MACHS COM</a>",459200101,9251809,['CAPITAL FUND MANAGEMENT']
CHARTER COMMUNICATIONS INC CL A,"<a href=""http://www.google.com/search?q=stock price CHARTER COMMUNICATIONS INC CL A"" 
        target=""_blank"">CHARTER COMMUNICATIONS INC CL A</a>",16119P108,9186766,['CAPITAL FUND MANAGEMENT']
SCHWAB STRATEGIC TR US DIVIDEND EQ,"<a href=""http://www.google.com/search?q=stock price SCHWAB STRATEGIC TR US DIVIDEND EQ"" 
        target=""_blank"">SCHWAB STRATEGIC TR US DIVIDEND EQ</a>",808524797,9154677,['CAPITAL FUND MANAGEMENT']
SPOTIFY TECHNOLOGY S A SHS,"<a href=""http://www.google.com/search?q=stock price SPOTIFY TECHNOLOGY S A SHS"" 
        target=""_blank"">SPOTIFY TECHNOLOGY S A SHS</a>",L8681T102,9090774,['CAPITAL FUND MANAGEMENT']
CIENA CORP COM NEW,"<a href=""http://www.google.com/search?q=stock price CIENA CORP COM NEW"" 
        target=""_blank"">CIENA CORP COM NEW</a>",171779309,8977248,['CAPITAL FUND MANAGEMENT']
CIRCLE INTERNET GROUP INC COM CL A,"<a href=""http://www.google.com/search?q=stock price CIRCLE INTERNET GROUP INC COM CL A"" 
        target=""_blank"">CIRCLE INTERNET GROUP INC COM CL A</a>",172573107,8949827,['CAPITAL FUND MANAGEMENT']
PROCTER & GAMBLE CO COM,"<a href=""http://www.google.com/search?q=stock price PROCTER & GAMBLE CO COM"" 
        target=""_blank"">PROCTER & GAMBLE CO COM</a>",742718109,8842392,['CAPITAL FUND MANAGEMENT']
MCDONALDS CORP COM,"<a href=""http://www.google.com/search?q=stock price MCDONALDS CORP COM"" 
        target=""_blank"">MCDONALDS CORP COM</a>",580135101,8758044,['CAPITAL FUND MANAGEMENT']
CORNING INC COM,"<a href=""http://www.google.com/search?q=stock price CORNING INC COM"" 
        target=""_blank"">CORNING INC COM</a>",219350105,8735706,['CAPITAL FUND MANAGEMENT']
THE TRADE DESK INC COM CL A,"<a href=""http://www.google.com/search?q=stock price THE TRADE DESK INC COM CL A"" 
        target=""_blank"">THE TRADE DESK INC COM CL A</a>",88339J105,8591616,['CAPITAL FUND MANAGEMENT']
FEDEX CORP COM,"<a href=""http://www.google.com/search?q=stock price FEDEX CORP COM"" 
        target=""_blank"">FEDEX CORP COM</a>",31428X106,8485823,['CAPITAL FUND MANAGEMENT']
NEWMONT CORP COM,"<a href=""http://www.google.com/search?q=stock price NEWMONT CORP COM"" 
        target=""_blank"">NEWMONT CORP COM</a>",651639106,8377980,['CAPITAL FUND MANAGEMENT']
DOMINOS PIZZA INC COM,"<a href=""http://www.google.com/search?q=stock price DOMINOS PIZZA INC COM"" 
        target=""_blank"">DOMINOS PIZZA INC COM</a>",25754A201,8348328,['CAPITAL FUND MANAGEMENT']
DRAFTKINGS INC NEW COM CL A,"<a href=""http://www.google.com/search?q=stock price DRAFTKINGS INC NEW COM CL A"" 
        target=""_blank"">DRAFTKINGS INC NEW COM CL A</a>",26142V105,8318118,['CAPITAL FUND MANAGEMENT']
DATADOG INC CL A COM,"<a href=""http://www.google.com/search?q=stock price DATADOG INC CL A COM"" 
        target=""_blank"">DATADOG INC CL A COM</a>",23804L103,8305484,['CAPITAL FUND MANAGEMENT']
CONOCOPHILLIPS COM,"<a href=""http://www.google.com/search?q=stock price CONOCOPHILLIPS COM"" 
        target=""_blank"">CONOCOPHILLIPS COM</a>",20825C104,8067296,['CAPITAL FUND MANAGEMENT']
D R HORTON INC COM,"<a href=""http://www.google.com/search?q=stock price D R HORTON INC COM"" 
        target=""_blank"">D R HORTON INC COM</a>",23331A109,8062560,['CAPITAL FUND MANAGEMENT']
CENTENE CORP DEL COM,"<a href=""http://www.google.com/search?q=stock price CENTENE CORP DEL COM"" 
        target=""_blank"">CENTENE CORP DEL COM</a>",15135B101,8004493,['CAPITAL FUND MANAGEMENT']
RTX CORPORATION COM,"<a href=""http://www.google.com/search?q=stock price RTX CORPORATION COM"" 
        target=""_blank"">RTX CORPORATION COM</a>",75513E101,7968660,['CAPITAL FUND MANAGEMENT']
MONGODB INC CL A,"<a href=""http://www.google.com/search?q=stock price MONGODB INC CL A"" 
        target=""_blank"">MONGODB INC CL A</a>",60937P106,7960830,['CAPITAL FUND MANAGEMENT']
RIO TINTO PLC SPONSORED ADR,"<a href=""http://www.google.com/search?q=stock price RIO TINTO PLC SPONSORED ADR"" 
        target=""_blank"">RIO TINTO PLC SPONSORED ADR</a>",767204100,7765274,['CAPITAL FUND MANAGEMENT']
PINTEREST INC CL A,"<a href=""http://www.google.com/search?q=stock price PINTEREST INC CL A"" 
        target=""_blank"">PINTEREST INC CL A</a>",72352L106,7701186,['CAPITAL FUND MANAGEMENT']
ROCKET LAB CORP COM,"<a href=""http://www.google.com/search?q=stock price ROCKET LAB CORP COM"" 
        target=""_blank"">ROCKET LAB CORP COM</a>",773121108,7684740,['CAPITAL FUND MANAGEMENT']
THERMO FISHER SCIENTIFIC INC COM,"<a href=""http://www.google.com/search?q=stock price THERMO FISHER SCIENTIFIC INC COM"" 
        target=""_blank"">THERMO FISHER SCIENTIFIC INC COM</a>",883556102,7620672,['CAPITAL FUND MANAGEMENT']
ARISTA NETWORKS INC COM SHS,"<a href=""http://www.google.com/search?q=stock price ARISTA NETWORKS INC COM SHS"" 
        target=""_blank"">ARISTA NETWORKS INC COM SHS</a>",040413205,7542672,['CAPITAL FUND MANAGEMENT']
INVESCO EXCHANGE TRADED FD T S&P500 EQL WGT,"<a href=""http://www.google.com/search?q=stock price INVESCO EXCHANGE TRADED FD T S&P500 EQL WGT"" 
        target=""_blank"">INVESCO EXCHANGE TRADED FD T S&P500 EQL WGT</a>",46137V357,7510781,['CAPITAL FUND MANAGEMENT']
VALERO ENERGY CORP COM,"<a href=""http://www.google.com/search?q=stock price VALERO ENERGY CORP COM"" 
        target=""_blank"">VALERO ENERGY CORP COM</a>",91913Y100,7500672,['CAPITAL FUND MANAGEMENT']
BLOCK INC CL A,"<a href=""http://www.google.com/search?q=stock price BLOCK INC CL A"" 
        target=""_blank"">BLOCK INC CL A</a>",852234103,7440400,['CAPITAL FUND MANAGEMENT']
ELEVANCE HEALTH INC FORMERLY COM,"<a href=""http://www.google.com/search?q=stock price ELEVANCE HEALTH INC FORMERLY COM"" 
        target=""_blank"">ELEVANCE HEALTH INC FORMERLY COM</a>",036752103,7425216,['CAPITAL FUND MANAGEMENT']
EXXON MOBIL CORP COM,"<a href=""http://www.google.com/search?q=stock price EXXON MOBIL CORP COM"" 
        target=""_blank"">EXXON MOBIL CORP COM</a>",30231G102,7423896,['CAPITAL FUND MANAGEMENT']
WARNER BROS DISCOVERY INC COM SER A,"<a href=""http://www.google.com/search?q=stock price WARNER BROS DISCOVERY INC COM SER A"" 
        target=""_blank"">WARNER BROS DISCOVERY INC COM SER A</a>",934423104,7414146,['CAPITAL FUND MANAGEMENT']
MONSTER BEVERAGE CORP NEW COM,"<a href=""http://www.google.com/search?q=stock price MONSTER BEVERAGE CORP NEW COM"" 
        target=""_blank"">MONSTER BEVERAGE CORP NEW COM</a>",61174X109,7285896,['CAPITAL FUND MANAGEMENT']
ON SEMICONDUCTOR CORP COM,"<a href=""http://www.google.com/search?q=stock price ON SEMICONDUCTOR CORP COM"" 
        target=""_blank"">ON SEMICONDUCTOR CORP COM</a>",682189105,7232310,['CAPITAL FUND MANAGEMENT']
CSX CORP COM,"<a href=""http://www.google.com/search?q=stock price CSX CORP COM"" 
        target=""_blank"">CSX CORP COM</a>",126408103,7139006,['CAPITAL FUND MANAGEMENT']
PROGRESSIVE CORP COM,"<a href=""http://www.google.com/search?q=stock price PROGRESSIVE CORP COM"" 
        target=""_blank"">PROGRESSIVE CORP COM</a>",743315103,7121470,['CAPITAL FUND MANAGEMENT']
IREN LIMITED ORDINARY SHARES,"<a href=""http://www.google.com/search?q=stock price IREN LIMITED ORDINARY SHARES"" 
        target=""_blank"">IREN LIMITED ORDINARY SHARES</a>",Q4982L109,7088150,['CAPITAL FUND MANAGEMENT']
COMCAST CORP NEW CL A,"<a href=""http://www.google.com/search?q=stock price COMCAST CORP NEW CL A"" 
        target=""_blank"">COMCAST CORP NEW CL A</a>",20030N101,7058125,['CAPITAL FUND MANAGEMENT']
INTUIT COM,"<a href=""http://www.google.com/search?q=stock price INTUIT COM"" 
        target=""_blank"">INTUIT COM</a>",461202103,6994800,['CAPITAL FUND MANAGEMENT']
Micron Technology Inc,"<a href=""http://www.google.com/search?q=stock price Micron Technology Inc"" 
        target=""_blank"">Micron Technology Inc</a>",595112103,6925740,['ANSON FUNDS']
DELTA AIR LINES INC COM NEW,"<a href=""http://www.google.com/search?q=stock price DELTA AIR LINES INC COM NEW"" 
        target=""_blank"">DELTA AIR LINES INC COM NEW</a>",247361702,6874644,['CAPITAL FUND MANAGEMENT']
ABBVIE INC COM,"<a href=""http://www.google.com/search?q=stock price ABBVIE INC COM"" 
        target=""_blank"">ABBVIE INC COM</a>",00287Y109,6794280,['CAPITAL FUND MANAGEMENT']
ZSCALER INC COM,"<a href=""http://www.google.com/search?q=stock price ZSCALER INC COM"" 
        target=""_blank"">ZSCALER INC COM</a>",98980G102,6789315,['CAPITAL FUND MANAGEMENT']
TJX COS INC NEW COM,"<a href=""http://www.google.com/search?q=stock price TJX COS INC NEW COM"" 
        target=""_blank"">TJX COS INC NEW COM</a>",872540109,6756900,['CAPITAL FUND MANAGEMENT']
PHILIP MORRIS INTL INC COM,"<a href=""http://www.google.com/search?q=stock price PHILIP MORRIS INTL INC COM"" 
        target=""_blank"">PHILIP MORRIS INTL INC COM</a>",718172109,6693670,['CAPITAL FUND MANAGEMENT']
ALTRIA GROUP INC COM,"<a href=""http://www.google.com/search?q=stock price ALTRIA GROUP INC COM"" 
        target=""_blank"">ALTRIA GROUP INC COM</a>",02209S103,6662570,['CAPITAL FUND MANAGEMENT']
KRAFT HEINZ CO COM,"<a href=""http://www.google.com/search?q=stock price KRAFT HEINZ CO COM"" 
        target=""_blank"">KRAFT HEINZ CO COM</a>",500754106,6549826,['CAPITAL FUND MANAGEMENT']
AUTOMATIC DATA PROCESSING IN COM,"<a href=""http://www.google.com/search?q=stock price AUTOMATIC DATA PROCESSING IN COM"" 
        target=""_blank"">AUTOMATIC DATA PROCESSING IN COM</a>",053015103,6449760,['CAPITAL FUND MANAGEMENT']
AFFIRM HLDGS INC COM CL A,"<a href=""http://www.google.com/search?q=stock price AFFIRM HLDGS INC COM CL A"" 
        target=""_blank"">AFFIRM HLDGS INC COM CL A</a>",00827B106,6442450,['CAPITAL FUND MANAGEMENT']
FORD MTR CO COM,"<a href=""http://www.google.com/search?q=stock price FORD MTR CO COM"" 
        target=""_blank"">FORD MTR CO COM</a>",345370860,6345350,['CAPITAL FUND MANAGEMENT']
HUMANA INC COM,"<a href=""http://www.google.com/search?q=stock price HUMANA INC COM"" 
        target=""_blank"">HUMANA INC COM</a>",444859102,6117188,['CAPITAL FUND MANAGEMENT']
DOW HLDGS INC COM,"<a href=""http://www.google.com/search?q=stock price DOW HLDGS INC COM"" 
        target=""_blank"">DOW HLDGS INC COM</a>",260557103,6035616,['CAPITAL FUND MANAGEMENT']
ISHARES TR U.S. REAL ES ETF,"<a href=""http://www.google.com/search?q=stock price ISHARES TR U.S. REAL ES ETF"" 
        target=""_blank"">ISHARES TR U.S. REAL ES ETF</a>",464287739,5920275,['CAPITAL FUND MANAGEMENT']
FISERV INC COM,"<a href=""http://www.google.com/search?q=stock price FISERV INC COM"" 
        target=""_blank"">FISERV INC COM</a>",337738108,5905620,['CAPITAL FUND MANAGEMENT']
STRYKER CORPORATION COM,"<a href=""http://www.google.com/search?q=stock price STRYKER CORPORATION COM"" 
        target=""_blank"">STRYKER CORPORATION COM</a>",863667101,5887508,['CAPITAL FUND MANAGEMENT']
KIMBERLY-CLARK CORP COM,"<a href=""http://www.google.com/search?q=stock price KIMBERLY-CLARK CORP COM"" 
        target=""_blank"">KIMBERLY-CLARK CORP COM</a>",494368103,5817810,['CAPITAL FUND MANAGEMENT']
OCCIDENTAL PETE CORP COM,"<a href=""http://www.google.com/search?q=stock price OCCIDENTAL PETE CORP COM"" 
        target=""_blank"">OCCIDENTAL PETE CORP COM</a>",674599105,5804115,['CAPITAL FUND MANAGEMENT']
AMPHENOL CORP CL A,"<a href=""http://www.google.com/search?q=stock price AMPHENOL CORP CL A"" 
        target=""_blank"">AMPHENOL CORP CL A</a>",032095101,5800928,['CAPITAL FUND MANAGEMENT']
SCHWAB CHARLES CORP COM,"<a href=""http://www.google.com/search?q=stock price SCHWAB CHARLES CORP COM"" 
        target=""_blank"">SCHWAB CHARLES CORP COM</a>",808513105,5794556,['CAPITAL FUND MANAGEMENT']
CELESTICA INC COM,"<a href=""http://www.google.com/search?q=stock price CELESTICA INC COM"" 
        target=""_blank"">CELESTICA INC COM</a>",15101Q207,5690880,['CAPITAL FUND MANAGEMENT']
ONEOK INC NEW COM,"<a href=""http://www.google.com/search?q=stock price ONEOK INC NEW COM"" 
        target=""_blank"">ONEOK INC NEW COM</a>",682680103,5677182,['CAPITAL FUND MANAGEMENT']
COLGATE PALMOLIVE CO COM,"<a href=""http://www.google.com/search?q=stock price COLGATE PALMOLIVE CO COM"" 
        target=""_blank"">COLGATE PALMOLIVE CO COM</a>",194162103,5665824,['CAPITAL FUND MANAGEMENT']
ROSS STORES INC COM,"<a href=""http://www.google.com/search?q=stock price ROSS STORES INC COM"" 
        target=""_blank"">ROSS STORES INC COM</a>",778296103,5342535,['CAPITAL FUND MANAGEMENT']
WILLIAMS COS INC COM,"<a href=""http://www.google.com/search?q=stock price WILLIAMS COS INC COM"" 
        target=""_blank"">WILLIAMS COS INC COM</a>",969457100,5307876,['CAPITAL FUND MANAGEMENT']
CARNIVAL CORP COMMON STOCK,"<a href=""http://www.google.com/search?q=stock price CARNIVAL CORP COMMON STOCK"" 
        target=""_blank"">CARNIVAL CORP COMMON STOCK</a>",143658300,5274022,['CAPITAL FUND MANAGEMENT']
COCA COLA CO COM,"<a href=""http://www.google.com/search?q=stock price COCA COLA CO COM"" 
        target=""_blank"">COCA COLA CO COM</a>",191216100,5250042,['CAPITAL FUND MANAGEMENT']
ACCENTURE PLC IRELAND SHS CLASS A,"<a href=""http://www.google.com/search?q=stock price ACCENTURE PLC IRELAND SHS CLASS A"" 
        target=""_blank"">ACCENTURE PLC IRELAND SHS CLASS A</a>",G1151C101,5238924,['CAPITAL FUND MANAGEMENT']
CELSIUS HLDGS INC COM NEW,"<a href=""http://www.google.com/search?q=stock price CELSIUS HLDGS INC COM NEW"" 
        target=""_blank"">CELSIUS HLDGS INC COM NEW</a>",15118V207,5208912,['CAPITAL FUND MANAGEMENT']
MARA HOLDINGS INC COM,"<a href=""http://www.google.com/search?q=stock price MARA HOLDINGS INC COM"" 
        target=""_blank"">MARA HOLDINGS INC COM</a>",565788106,5165691,['CAPITAL FUND MANAGEMENT']
BRITISH AMERN TOB PLC SPONSORED ADR,"<a href=""http://www.google.com/search?q=stock price BRITISH AMERN TOB PLC SPONSORED ADR"" 
        target=""_blank"">BRITISH AMERN TOB PLC SPONSORED ADR</a>",110448107,5138432,['CAPITAL FUND MANAGEMENT']
iShares U.S. Real Estate ETF,"<a href=""http://www.google.com/search?q=stock price iShares U.S. Real Estate ETF"" 
        target=""_blank"">iShares U.S. Real Estate ETF</a>",464287739,5112500,['ANSON FUNDS']
HIMS & HERS HEALTH INC COM CL A,"<a href=""http://www.google.com/search?q=stock price HIMS & HERS HEALTH INC COM CL A"" 
        target=""_blank"">HIMS & HERS HEALTH INC COM CL A</a>",433000106,5027150,['CAPITAL FUND MANAGEMENT']
APPLIED OPTOELECTRONICS INC COM,"<a href=""http://www.google.com/search?q=stock price APPLIED OPTOELECTRONICS INC COM"" 
        target=""_blank"">APPLIED OPTOELECTRONICS INC COM</a>",03823U102,5007808,['CAPITAL FUND MANAGEMENT']
SYNOPSYS INC COM,"<a href=""http://www.google.com/search?q=stock price SYNOPSYS INC COM"" 
        target=""_blank"">SYNOPSYS INC COM</a>",871607107,4906770,['CAPITAL FUND MANAGEMENT']
CREDO TECHNOLOGY GROUP HOLDI ORDINARY SHARES,"<a href=""http://www.google.com/search?q=stock price CREDO TECHNOLOGY GROUP HOLDI ORDINARY SHARES"" 
        target=""_blank"">CREDO TECHNOLOGY GROUP HOLDI ORDINARY SHARES</a>",G25457105,4840710,['CAPITAL FUND MANAGEMENT']
Roundhill Memory ETF,"<a href=""http://www.google.com/search?q=stock price Roundhill Memory ETF"" 
        target=""_blank"">Roundhill Memory ETF</a>",77926X320,4800250,['ANSON FUNDS']
TERAWULF INC COM,"<a href=""http://www.google.com/search?q=stock price TERAWULF INC COM"" 
        target=""_blank"">TERAWULF INC COM</a>",88080T104,4752280,['CAPITAL FUND MANAGEMENT']
EQT CORP COM,"<a href=""http://www.google.com/search?q=stock price EQT CORP COM"" 
        target=""_blank"">EQT CORP COM</a>",26884L109,4700228,['CAPITAL FUND MANAGEMENT']
MARRIOTT INTL INC NEW CL A,"<a href=""http://www.google.com/search?q=stock price MARRIOTT INTL INC NEW CL A"" 
        target=""_blank"">MARRIOTT INTL INC NEW CL A</a>",571903202,4632375,['CAPITAL FUND MANAGEMENT']
BITMINE IMMERSION TECHS INC COM NEW,"<a href=""http://www.google.com/search?q=stock price BITMINE IMMERSION TECHS INC COM NEW"" 
        target=""_blank"">BITMINE IMMERSION TECHS INC COM NEW</a>",09175A206,4573316,['CAPITAL FUND MANAGEMENT']
ISHARES TR CHINA LG-CAP ETF,"<a href=""http://www.google.com/search?q=stock price ISHARES TR CHINA LG-CAP ETF"" 
        target=""_blank"">ISHARES TR CHINA LG-CAP ETF</a>",464287184,4561596,['CAPITAL FUND MANAGEMENT']
SEA LTD SPONSORD ADS,"<a href=""http://www.google.com/search?q=stock price SEA LTD SPONSORD ADS"" 
        target=""_blank"">SEA LTD SPONSORD ADS</a>",81141R100,4561508,['CAPITAL FUND MANAGEMENT']
ENPHASE ENERGY INC COM,"<a href=""http://www.google.com/search?q=stock price ENPHASE ENERGY INC COM"" 
        target=""_blank"">ENPHASE ENERGY INC COM</a>",29355A107,4515308,['CAPITAL FUND MANAGEMENT']
AIRBNB INC COM CL A,"<a href=""http://www.google.com/search?q=stock price AIRBNB INC COM CL A"" 
        target=""_blank"">AIRBNB INC COM CL A</a>",009066101,4507650,['CAPITAL FUND MANAGEMENT']
MODERNA INC COM,"<a href=""http://www.google.com/search?q=stock price MODERNA INC COM"" 
        target=""_blank"">MODERNA INC COM</a>",60770K107,4467914,['CAPITAL FUND MANAGEMENT']
MICROCHIP TECHNOLOGY INC. COM,"<a href=""http://www.google.com/search?q=stock price MICROCHIP TECHNOLOGY INC. COM"" 
        target=""_blank"">MICROCHIP TECHNOLOGY INC. COM</a>",595017104,4459680,['CAPITAL FUND MANAGEMENT']
ISHARES TR EXPANDED TECH,"<a href=""http://www.google.com/search?q=stock price ISHARES TR EXPANDED TECH"" 
        target=""_blank"">ISHARES TR EXPANDED TECH</a>",464287515,4430340,['CAPITAL FUND MANAGEMENT']
CAPITAL ONE FINL CORP COM,"<a href=""http://www.google.com/search?q=stock price CAPITAL ONE FINL CORP COM"" 
        target=""_blank"">CAPITAL ONE FINL CORP COM</a>",14040H105,4393578,['CAPITAL FUND MANAGEMENT']
AGNICO EAGLE MINES LTD COM,"<a href=""http://www.google.com/search?q=stock price AGNICO EAGLE MINES LTD COM"" 
        target=""_blank"">AGNICO EAGLE MINES LTD COM</a>",008474108,4374666,['CAPITAL FUND MANAGEMENT']
CARDINAL HEALTH INC COM,"<a href=""http://www.google.com/search?q=stock price CARDINAL HEALTH INC COM"" 
        target=""_blank"">CARDINAL HEALTH INC COM</a>",14149Y108,4371104,['CAPITAL FUND MANAGEMENT']
LAUDER ESTEE COS INC CL A,"<a href=""http://www.google.com/search?q=stock price LAUDER ESTEE COS INC CL A"" 
        target=""_blank"">LAUDER ESTEE COS INC CL A</a>",518439104,4358040,['CAPITAL FUND MANAGEMENT']
ATLASSIAN CORPORATION CL A,"<a href=""http://www.google.com/search?q=stock price ATLASSIAN CORPORATION CL A"" 
        target=""_blank"">ATLASSIAN CORPORATION CL A</a>",049468101,4332903,['CAPITAL FUND MANAGEMENT']
PETROLEO BRASILEIRO S A SPONSORED ADR,"<a href=""http://www.google.com/search?q=stock price PETROLEO BRASILEIRO S A SPONSORED ADR"" 
        target=""_blank"">PETROLEO BRASILEIRO S A SPONSORED ADR</a>",71654V408,4322800,['CAPITAL FUND MANAGEMENT']
NEXTERA ENERGY INC COM,"<a href=""http://www.google.com/search?q=stock price NEXTERA ENERGY INC COM"" 
        target=""_blank"">NEXTERA ENERGY INC COM</a>",65339F101,4274399,['CAPITAL FUND MANAGEMENT']
IONQ INC COM,"<a href=""http://www.google.com/search?q=stock price IONQ INC COM"" 
        target=""_blank"">IONQ INC COM</a>",46222L108,4175584,['CAPITAL FUND MANAGEMENT']
BAKER HUGHES COMPANY CL A,"<a href=""http://www.google.com/search?q=stock price BAKER HUGHES COMPANY CL A"" 
        target=""_blank"">BAKER HUGHES COMPANY CL A</a>",05722G100,4168050,['CAPITAL FUND MANAGEMENT']
CLOUDFLARE INC CL A COM,"<a href=""http://www.google.com/search?q=stock price CLOUDFLARE INC CL A COM"" 
        target=""_blank"">CLOUDFLARE INC CL A COM</a>",18915M107,4145232,['CAPITAL FUND MANAGEMENT']
LULULEMON ATHLETICA INC COM,"<a href=""http://www.google.com/search?q=stock price LULULEMON ATHLETICA INC COM"" 
        target=""_blank"">LULULEMON ATHLETICA INC COM</a>",550021109,4121898,['CAPITAL FUND MANAGEMENT']
ROBLOX CORP CL A,"<a href=""http://www.google.com/search?q=stock price ROBLOX CORP CL A"" 
        target=""_blank"">ROBLOX CORP CL A</a>",771049103,4111128,['CAPITAL FUND MANAGEMENT']
FIRST SOLAR INC COM,"<a href=""http://www.google.com/search?q=stock price FIRST SOLAR INC COM"" 
        target=""_blank"">FIRST SOLAR INC COM</a>",336433107,3964128,['CAPITAL FUND MANAGEMENT']
ARCHER DANIELS MIDLAND CO COM,"<a href=""http://www.google.com/search?q=stock price ARCHER DANIELS MIDLAND CO COM"" 
        target=""_blank"">ARCHER DANIELS MIDLAND CO COM</a>",039483102,3949880,['CAPITAL FUND MANAGEMENT']
UBS GROUP AG SHS,"<a href=""http://www.google.com/search?q=stock price UBS GROUP AG SHS"" 
        target=""_blank"">UBS GROUP AG SHS</a>",H42097107,3920196,['CAPITAL FUND MANAGEMENT']
BUILDERS FIRSTSOURCE INC COM,"<a href=""http://www.google.com/search?q=stock price BUILDERS FIRSTSOURCE INC COM"" 
        target=""_blank"">BUILDERS FIRSTSOURCE INC COM</a>",12008R107,3919224,['CAPITAL FUND MANAGEMENT']
ISHARES TR ISHARES BIOTECH,"<a href=""http://www.google.com/search?q=stock price ISHARES TR ISHARES BIOTECH"" 
        target=""_blank"">ISHARES TR ISHARES BIOTECH</a>",464287556,3898895,['CAPITAL FUND MANAGEMENT']
TRACTOR SUPPLY CO COM,"<a href=""http://www.google.com/search?q=stock price TRACTOR SUPPLY CO COM"" 
        target=""_blank"">TRACTOR SUPPLY CO COM</a>",892356106,3884869,['CAPITAL FUND MANAGEMENT']
LYFT INC CL A COM,"<a href=""http://www.google.com/search?q=stock price LYFT INC CL A COM"" 
        target=""_blank"">LYFT INC CL A COM</a>",55087P104,3877494,['CAPITAL FUND MANAGEMENT']
CLOROX CO DEL COM,"<a href=""http://www.google.com/search?q=stock price CLOROX CO DEL COM"" 
        target=""_blank"">CLOROX CO DEL COM</a>",189054109,3865320,['CAPITAL FUND MANAGEMENT']
KEURIG DR PEPPER INC COM,"<a href=""http://www.google.com/search?q=stock price KEURIG DR PEPPER INC COM"" 
        target=""_blank"">KEURIG DR PEPPER INC COM</a>",49271V100,3858867,['CAPITAL FUND MANAGEMENT']
KEYCORP COM,"<a href=""http://www.google.com/search?q=stock price KEYCORP COM"" 
        target=""_blank"">KEYCORP COM</a>",493267108,3844740,['CAPITAL FUND MANAGEMENT']
NORWEGIAN CRUISE LINE HLDGS SHS,"<a href=""http://www.google.com/search?q=stock price NORWEGIAN CRUISE LINE HLDGS SHS"" 
        target=""_blank"">NORWEGIAN CRUISE LINE HLDGS SHS</a>",G66721104,3823021,['CAPITAL FUND MANAGEMENT']
TORONTO DOMINION BK ONT COM NEW,"<a href=""http://www.google.com/search?q=stock price TORONTO DOMINION BK ONT COM NEW"" 
        target=""_blank"">TORONTO DOMINION BK ONT COM NEW</a>",891160509,3812902,['CAPITAL FUND MANAGEMENT']
ROYAL BK CDA COM,"<a href=""http://www.google.com/search?q=stock price ROYAL BK CDA COM"" 
        target=""_blank"">ROYAL BK CDA COM</a>",780087102,3808248,['CAPITAL FUND MANAGEMENT']
SUPER MICRO COMPUTER INC COM NEW,"<a href=""http://www.google.com/search?q=stock price SUPER MICRO COMPUTER INC COM NEW"" 
        target=""_blank"">SUPER MICRO COMPUTER INC COM NEW</a>",86800U302,3748374,['CAPITAL FUND MANAGEMENT']
DOORDASH INC CL A,"<a href=""http://www.google.com/search?q=stock price DOORDASH INC CL A"" 
        target=""_blank"">DOORDASH INC CL A</a>",25809K105,3745959,['CAPITAL FUND MANAGEMENT']
BP PLC SPONSORED ADR,"<a href=""http://www.google.com/search?q=stock price BP PLC SPONSORED ADR"" 
        target=""_blank"">BP PLC SPONSORED ADR</a>",055622104,3724560,['CAPITAL FUND MANAGEMENT']
3M CO COM,"<a href=""http://www.google.com/search?q=stock price 3M CO COM"" 
        target=""_blank"">3M CO COM</a>",88579Y101,3723930,['CAPITAL FUND MANAGEMENT']
FREEPORT MCMORAN INC CL B,"<a href=""http://www.google.com/search?q=stock price FREEPORT MCMORAN INC CL B"" 
        target=""_blank"">FREEPORT MCMORAN INC CL B</a>",35671D857,3704221,['CAPITAL FUND MANAGEMENT']
ALEXANDRIA REAL ESTATE EQ IN COM,"<a href=""http://www.google.com/search?q=stock price ALEXANDRIA REAL ESTATE EQ IN COM"" 
        target=""_blank"">ALEXANDRIA REAL ESTATE EQ IN COM</a>",015271109,3636080,['CAPITAL FUND MANAGEMENT']
CIPHER DIGITAL INC COM,"<a href=""http://www.google.com/search?q=stock price CIPHER DIGITAL INC COM"" 
        target=""_blank"">CIPHER DIGITAL INC COM</a>",17253J106,3628450,['CAPITAL FUND MANAGEMENT']
AMERICAN TOWER CORP COM,"<a href=""http://www.google.com/search?q=stock price AMERICAN TOWER CORP COM"" 
        target=""_blank"">AMERICAN TOWER CORP COM</a>",03027X100,3582183,['CAPITAL FUND MANAGEMENT']
MARATHON PETE CORP COM,"<a href=""http://www.google.com/search?q=stock price MARATHON PETE CORP COM"" 
        target=""_blank"">MARATHON PETE CORP COM</a>",56585A102,3553813,['CAPITAL FUND MANAGEMENT']
CARMAX INC COM,"<a href=""http://www.google.com/search?q=stock price CARMAX INC COM"" 
        target=""_blank"">CARMAX INC COM</a>",143130102,3453717,['CAPITAL FUND MANAGEMENT']
PHILLIPS 66 COM,"<a href=""http://www.google.com/search?q=stock price PHILLIPS 66 COM"" 
        target=""_blank"">PHILLIPS 66 COM</a>",718546104,3448620,['CAPITAL FUND MANAGEMENT']
DIGITALOCEAN HLDGS INC COM,"<a href=""http://www.google.com/search?q=stock price DIGITALOCEAN HLDGS INC COM"" 
        target=""_blank"">DIGITALOCEAN HLDGS INC COM</a>",25402D102,3438957,['CAPITAL FUND MANAGEMENT']
EBAY INC. COM,"<a href=""http://www.google.com/search?q=stock price EBAY INC. COM"" 
        target=""_blank"">EBAY INC. COM</a>",278642103,3430725,['CAPITAL FUND MANAGEMENT']
ZOOM COMMUNICATIONS INC CL A,"<a href=""http://www.google.com/search?q=stock price ZOOM COMMUNICATIONS INC CL A"" 
        target=""_blank"">ZOOM COMMUNICATIONS INC CL A</a>",98980L101,3417876,['CAPITAL FUND MANAGEMENT']
SPDR INDEX SHS FDS ST STR EU 50 ETF,"<a href=""http://www.google.com/search?q=stock price SPDR INDEX SHS FDS ST STR EU 50 ETF"" 
        target=""_blank"">SPDR INDEX SHS FDS ST STR EU 50 ETF</a>",78463X202,3379056,['CAPITAL FUND MANAGEMENT']
SPDR SERIES TRUST ST STR SP METAL,"<a href=""http://www.google.com/search?q=stock price SPDR SERIES TRUST ST STR SP METAL"" 
        target=""_blank"">SPDR SERIES TRUST ST STR SP METAL</a>",78464A755,3378988,['CAPITAL FUND MANAGEMENT']
OKLO INC COM CL A,"<a href=""http://www.google.com/search?q=stock price OKLO INC COM CL A"" 
        target=""_blank"">OKLO INC COM CL A</a>",02156V109,3370052,['CAPITAL FUND MANAGEMENT']
LYONDELLBASELL INDUSTRIES NV SHS - A -,"<a href=""http://www.google.com/search?q=stock price LYONDELLBASELL INDUSTRIES NV SHS - A -"" 
        target=""_blank"">LYONDELLBASELL INDUSTRIES NV SHS - A -</a>",N53745100,3369600,['CAPITAL FUND MANAGEMENT']
VALE S A SPONSORED ADS,"<a href=""http://www.google.com/search?q=stock price VALE S A SPONSORED ADS"" 
        target=""_blank"">VALE S A SPONSORED ADS</a>",91912E105,3355424,['CAPITAL FUND MANAGEMENT']
TAKE-TWO INTERACTIVE SOFTWAR COM,"<a href=""http://www.google.com/search?q=stock price TAKE-TWO INTERACTIVE SOFTWAR COM"" 
        target=""_blank"">TAKE-TWO INTERACTIVE SOFTWAR COM</a>",874054109,3349732,['CAPITAL FUND MANAGEMENT']
EOG RES INC COM,"<a href=""http://www.google.com/search?q=stock price EOG RES INC COM"" 
        target=""_blank"">EOG RES INC COM</a>",26875P101,3334061,['CAPITAL FUND MANAGEMENT']
KRATOS DEFENSE & SEC SOLUTIO COM NEW,"<a href=""http://www.google.com/search?q=stock price KRATOS DEFENSE & SEC SOLUTIO COM NEW"" 
        target=""_blank"">KRATOS DEFENSE & SEC SOLUTIO COM NEW</a>",50077B207,3325662,['CAPITAL FUND MANAGEMENT']
TRUIST FINL CORP COM,"<a href=""http://www.google.com/search?q=stock price TRUIST FINL CORP COM"" 
        target=""_blank"">TRUIST FINL CORP COM</a>",89832Q109,3273174,['CAPITAL FUND MANAGEMENT']
DOLLAR TREE INC COM,"<a href=""http://www.google.com/search?q=stock price DOLLAR TREE INC COM"" 
        target=""_blank"">DOLLAR TREE INC COM</a>",256746108,3205175,['CAPITAL FUND MANAGEMENT']
GILEAD SCIENCES INC COM,"<a href=""http://www.google.com/search?q=stock price GILEAD SCIENCES INC COM"" 
        target=""_blank"">GILEAD SCIENCES INC COM</a>",375558103,3171134,['CAPITAL FUND MANAGEMENT']
STMICROELECTRONICS N V NY REGISTRY,"<a href=""http://www.google.com/search?q=stock price STMICROELECTRONICS N V NY REGISTRY"" 
        target=""_blank"">STMICROELECTRONICS N V NY REGISTRY</a>",861012102,3167847,['CAPITAL FUND MANAGEMENT']
HUBSPOT INC COM,"<a href=""http://www.google.com/search?q=stock price HUBSPOT INC COM"" 
        target=""_blank"">HUBSPOT INC COM</a>",443573100,3157423,['CAPITAL FUND MANAGEMENT']
TEVA PHARMACEUTICAL INDS LTD SPONSORED ADS,"<a href=""http://www.google.com/search?q=stock price TEVA PHARMACEUTICAL INDS LTD SPONSORED ADS"" 
        target=""_blank"">TEVA PHARMACEUTICAL INDS LTD SPONSORED ADS</a>",881624209,3150840,['CAPITAL FUND MANAGEMENT']
LAMB WESTON HLDGS INC COM,"<a href=""http://www.google.com/search?q=stock price LAMB WESTON HLDGS INC COM"" 
        target=""_blank"">LAMB WESTON HLDGS INC COM</a>",513272104,3134868,['CAPITAL FUND MANAGEMENT']
JOBY AVIATION INC COMMON STOCK,"<a href=""http://www.google.com/search?q=stock price JOBY AVIATION INC COMMON STOCK"" 
        target=""_blank"">JOBY AVIATION INC COMMON STOCK</a>",G65163100,3132704,['CAPITAL FUND MANAGEMENT']
CANADIAN NAT RES LTD MED TER COM,"<a href=""http://www.google.com/search?q=stock price CANADIAN NAT RES LTD MED TER COM"" 
        target=""_blank"">CANADIAN NAT RES LTD MED TER COM</a>",136385101,3120500,['CAPITAL FUND MANAGEMENT']
D-WAVE QUANTUM INC COM,"<a href=""http://www.google.com/search?q=stock price D-WAVE QUANTUM INC COM"" 
        target=""_blank"">D-WAVE QUANTUM INC COM</a>",26740W109,3111503,['CAPITAL FUND MANAGEMENT']
PNC FINL SVCS GROUP INC COM,"<a href=""http://www.google.com/search?q=stock price PNC FINL SVCS GROUP INC COM"" 
        target=""_blank"">PNC FINL SVCS GROUP INC COM</a>",693475105,3077750,['CAPITAL FUND MANAGEMENT']
LIVE NATION ENTERTAINMENT IN COM,"<a href=""http://www.google.com/search?q=stock price LIVE NATION ENTERTAINMENT IN COM"" 
        target=""_blank"">LIVE NATION ENTERTAINMENT IN COM</a>",538034109,3076248,['CAPITAL FUND MANAGEMENT']
DEUTSCHE BK AG NAMEN AKT,"<a href=""http://www.google.com/search?q=stock price DEUTSCHE BK AG NAMEN AKT"" 
        target=""_blank"">DEUTSCHE BK AG NAMEN AKT</a>",D18190898,3065408,['CAPITAL FUND MANAGEMENT']
ISHARES INC MSCI GERMANY ETF,"<a href=""http://www.google.com/search?q=stock price ISHARES INC MSCI GERMANY ETF"" 
        target=""_blank"">ISHARES INC MSCI GERMANY ETF</a>",464286806,3044832,['CAPITAL FUND MANAGEMENT']
APPLIED DIGITAL CORP COM NEW,"<a href=""http://www.google.com/search?q=stock price APPLIED DIGITAL CORP COM NEW"" 
        target=""_blank"">APPLIED DIGITAL CORP COM NEW</a>",038169207,3036220,['CAPITAL FUND MANAGEMENT']
MONDELEZ INTL INC CL A,"<a href=""http://www.google.com/search?q=stock price MONDELEZ INTL INC CL A"" 
        target=""_blank"">MONDELEZ INTL INC CL A</a>",609207105,3025032,['CAPITAL FUND MANAGEMENT']
ISHARES TR US HOME CONS ETF,"<a href=""http://www.google.com/search?q=stock price ISHARES TR US HOME CONS ETF"" 
        target=""_blank"">ISHARES TR US HOME CONS ETF</a>",464288752,3019472,['CAPITAL FUND MANAGEMENT']
DARDEN RESTAURANTS INC COM,"<a href=""http://www.google.com/search?q=stock price DARDEN RESTAURANTS INC COM"" 
        target=""_blank"">DARDEN RESTAURANTS INC COM</a>",237194105,3007746,['CAPITAL FUND MANAGEMENT']
WASTE MGMT INC DEL COM,"<a href=""http://www.google.com/search?q=stock price WASTE MGMT INC DEL COM"" 
        target=""_blank"">WASTE MGMT INC DEL COM</a>",94106L109,2964304,['CAPITAL FUND MANAGEMENT']
KKR & CO INC COM,"<a href=""http://www.google.com/search?q=stock price KKR & CO INC COM"" 
        target=""_blank"">KKR & CO INC COM</a>",48251W104,2946138,['CAPITAL FUND MANAGEMENT']
ANTERO RESOURCES CORP COM,"<a href=""http://www.google.com/search?q=stock price ANTERO RESOURCES CORP COM"" 
        target=""_blank"">ANTERO RESOURCES CORP COM</a>",03674X106,2941218,['CAPITAL FUND MANAGEMENT']
VERISK ANALYTICS INC COM,"<a href=""http://www.google.com/search?q=stock price VERISK ANALYTICS INC COM"" 
        target=""_blank"">VERISK ANALYTICS INC COM</a>",92345Y106,2926339,['CAPITAL FUND MANAGEMENT']
FIRST MAJESTIC SILVER CORP COM,"<a href=""http://www.google.com/search?q=stock price FIRST MAJESTIC SILVER CORP COM"" 
        target=""_blank"">FIRST MAJESTIC SILVER CORP COM</a>",32076V103,2923904,['CAPITAL FUND MANAGEMENT']
UNILEVER PLC SPON ADR NEW,"<a href=""http://www.google.com/search?q=stock price UNILEVER PLC SPON ADR NEW"" 
        target=""_blank"">UNILEVER PLC SPON ADR NEW</a>",904767803,2902353,['CAPITAL FUND MANAGEMENT']
GALAXY DIGITAL INC. CL A,"<a href=""http://www.google.com/search?q=stock price GALAXY DIGITAL INC. CL A"" 
        target=""_blank"">GALAXY DIGITAL INC. CL A</a>",36317J209,2900774,['CAPITAL FUND MANAGEMENT']
UNION PAC CORP COM,"<a href=""http://www.google.com/search?q=stock price UNION PAC CORP COM"" 
        target=""_blank"">UNION PAC CORP COM</a>",907818108,2883200,['CAPITAL FUND MANAGEMENT']
HERSHEY CO COM,"<a href=""http://www.google.com/search?q=stock price HERSHEY CO COM"" 
        target=""_blank"">HERSHEY CO COM</a>",427866108,2859835,['CAPITAL FUND MANAGEMENT']
CONSTELLATION ENERGY CORP COM,"<a href=""http://www.google.com/search?q=stock price CONSTELLATION ENERGY CORP COM"" 
        target=""_blank"">CONSTELLATION ENERGY CORP COM</a>",21037T109,2732070,['CAPITAL FUND MANAGEMENT']
SYSCO CORP COM,"<a href=""http://www.google.com/search?q=stock price SYSCO CORP COM"" 
        target=""_blank"">SYSCO CORP COM</a>",871829107,2691276,['CAPITAL FUND MANAGEMENT']
ALBEMARLE CORP COM,"<a href=""http://www.google.com/search?q=stock price ALBEMARLE CORP COM"" 
        target=""_blank"">ALBEMARLE CORP COM</a>",012653101,2687097,['CAPITAL FUND MANAGEMENT']
BAXTER INTL INC COM,"<a href=""http://www.google.com/search?q=stock price BAXTER INTL INC COM"" 
        target=""_blank"">BAXTER INTL INC COM</a>",071813109,2684188,['CAPITAL FUND MANAGEMENT']
WAYFAIR INC CL A,"<a href=""http://www.google.com/search?q=stock price WAYFAIR INC CL A"" 
        target=""_blank"">WAYFAIR INC CL A</a>",94419L101,2680180,['CAPITAL FUND MANAGEMENT']
CRH PLC ORD,"<a href=""http://www.google.com/search?q=stock price CRH PLC ORD"" 
        target=""_blank"">CRH PLC ORD</a>",G25508105,2675000,['CAPITAL FUND MANAGEMENT']
ISHARES INC MSCI STH KOR ETF,"<a href=""http://www.google.com/search?q=stock price ISHARES INC MSCI STH KOR ETF"" 
        target=""_blank"">ISHARES INC MSCI STH KOR ETF</a>",464286772,2665080,['CAPITAL FUND MANAGEMENT']
NUCOR CORP COM,"<a href=""http://www.google.com/search?q=stock price NUCOR CORP COM"" 
        target=""_blank"">NUCOR CORP COM</a>",670346105,2628450,['CAPITAL FUND MANAGEMENT']
RIGETTI COMPUTING INC COMMON STOCK,"<a href=""http://www.google.com/search?q=stock price RIGETTI COMPUTING INC COMMON STOCK"" 
        target=""_blank"">RIGETTI COMPUTING INC COMMON STOCK</a>",76655K103,2623656,['CAPITAL FUND MANAGEMENT']
ZILLOW GROUP INC CL C CAP STK,"<a href=""http://www.google.com/search?q=stock price ZILLOW GROUP INC CL C CAP STK"" 
        target=""_blank"">ZILLOW GROUP INC CL C CAP STK</a>",98954M200,2606704,['CAPITAL FUND MANAGEMENT']
MONDAY COM LTD SHS,"<a href=""http://www.google.com/search?q=stock price MONDAY COM LTD SHS"" 
        target=""_blank"">MONDAY COM LTD SHS</a>",M7S64H106,2606040,['CAPITAL FUND MANAGEMENT']
BOSTON SCIENTIFIC CORP COM,"<a href=""http://www.google.com/search?q=stock price BOSTON SCIENTIFIC CORP COM"" 
        target=""_blank"">BOSTON SCIENTIFIC CORP COM</a>",101137107,2586408,['CAPITAL FUND MANAGEMENT']
WHIRLPOOL CORP COM,"<a href=""http://www.google.com/search?q=stock price WHIRLPOOL CORP COM"" 
        target=""_blank"">WHIRLPOOL CORP COM</a>",963320106,2562300,['CAPITAL FUND MANAGEMENT']
REALTY INCOME CORP COM,"<a href=""http://www.google.com/search?q=stock price REALTY INCOME CORP COM"" 
        target=""_blank"">REALTY INCOME CORP COM</a>",756109104,2558948,['CAPITAL FUND MANAGEMENT']
DOLLAR GEN CORP COM,"<a href=""http://www.google.com/search?q=stock price DOLLAR GEN CORP COM"" 
        target=""_blank"">DOLLAR GEN CORP COM</a>",256677105,2543931,['CAPITAL FUND MANAGEMENT']
AEROVIRONMENT INC COM,"<a href=""http://www.google.com/search?q=stock price AEROVIRONMENT INC COM"" 
        target=""_blank"">AEROVIRONMENT INC COM</a>",008073108,2492557,['CAPITAL FUND MANAGEMENT']
APOLLO GLOBAL MGMT INC COM,"<a href=""http://www.google.com/search?q=stock price APOLLO GLOBAL MGMT INC COM"" 
        target=""_blank"">APOLLO GLOBAL MGMT INC COM</a>",03769M106,2472679,['CAPITAL FUND MANAGEMENT']
PDD HOLDINGS INC SPONSORED ADS,"<a href=""http://www.google.com/search?q=stock price PDD HOLDINGS INC SPONSORED ADS"" 
        target=""_blank"">PDD HOLDINGS INC SPONSORED ADS</a>",722304102,2448588,['CAPITAL FUND MANAGEMENT']
LOWES COS INC COM,"<a href=""http://www.google.com/search?q=stock price LOWES COS INC COM"" 
        target=""_blank"">LOWES COS INC COM</a>",548661107,2447439,['CAPITAL FUND MANAGEMENT']
OREILLY AUTOMOTIVE INC COM,"<a href=""http://www.google.com/search?q=stock price OREILLY AUTOMOTIVE INC COM"" 
        target=""_blank"">OREILLY AUTOMOTIVE INC COM</a>",67103H107,2440385,['CAPITAL FUND MANAGEMENT']
ZOETIS INC CL A,"<a href=""http://www.google.com/search?q=stock price ZOETIS INC CL A"" 
        target=""_blank"">ZOETIS INC CL A</a>",98978V103,2436054,['CAPITAL FUND MANAGEMENT']
ALAMOS GOLD INC COM CL A,"<a href=""http://www.google.com/search?q=stock price ALAMOS GOLD INC COM CL A"" 
        target=""_blank"">ALAMOS GOLD INC COM CL A</a>",011532108,2433268,['CAPITAL FUND MANAGEMENT']
DIAMONDBACK ENERGY INC COM,"<a href=""http://www.google.com/search?q=stock price DIAMONDBACK ENERGY INC COM"" 
        target=""_blank"">DIAMONDBACK ENERGY INC COM</a>",25278X109,2390608,['CAPITAL FUND MANAGEMENT']
SELECT SECTOR SPDR TR ST STR STAPL ETF,"<a href=""http://www.google.com/search?q=stock price SELECT SECTOR SPDR TR ST STR STAPL ETF"" 
        target=""_blank"">SELECT SECTOR SPDR TR ST STR STAPL ETF</a>",81369Y308,2384109,['CAPITAL FUND MANAGEMENT']
PRUDENTIAL FINL INC COM,"<a href=""http://www.google.com/search?q=stock price PRUDENTIAL FINL INC COM"" 
        target=""_blank"">PRUDENTIAL FINL INC COM</a>",744320102,2374460,['CAPITAL FUND MANAGEMENT']
AST SPACEMOBILE INC COM CL A,"<a href=""http://www.google.com/search?q=stock price AST SPACEMOBILE INC COM CL A"" 
        target=""_blank"">AST SPACEMOBILE INC COM CL A</a>",00217D100,2372562,['CAPITAL FUND MANAGEMENT']
NUSCALE PWR CORP CL A COM,"<a href=""http://www.google.com/search?q=stock price NUSCALE PWR CORP CL A COM"" 
        target=""_blank"">NUSCALE PWR CORP CL A COM</a>",67079K100,2302888,['CAPITAL FUND MANAGEMENT']
THE CAMPBELLS COMPANY COM,"<a href=""http://www.google.com/search?q=stock price THE CAMPBELLS COMPANY COM"" 
        target=""_blank"">THE CAMPBELLS COMPANY COM</a>",134429109,2302718,['CAPITAL FUND MANAGEMENT']
CENOVUS ENERGY INC COM,"<a href=""http://www.google.com/search?q=stock price CENOVUS ENERGY INC COM"" 
        target=""_blank"">CENOVUS ENERGY INC COM</a>",15135U109,2260191,['CAPITAL FUND MANAGEMENT']
GLOBAL PMTS INC COM,"<a href=""http://www.google.com/search?q=stock price GLOBAL PMTS INC COM"" 
        target=""_blank"">GLOBAL PMTS INC COM</a>",37940X102,2256616,['CAPITAL FUND MANAGEMENT']
QUANTUM COMPUTING INC COM,"<a href=""http://www.google.com/search?q=stock price QUANTUM COMPUTING INC COM"" 
        target=""_blank"">QUANTUM COMPUTING INC COM</a>",74766W108,2237790,['CAPITAL FUND MANAGEMENT']
CVS HEALTH CORP COM,"<a href=""http://www.google.com/search?q=stock price CVS HEALTH CORP COM"" 
        target=""_blank"">CVS HEALTH CORP COM</a>",126650100,2213830,['CAPITAL FUND MANAGEMENT']
MEDTRONIC PLC SHS,"<a href=""http://www.google.com/search?q=stock price MEDTRONIC PLC SHS"" 
        target=""_blank"">MEDTRONIC PLC SHS</a>",G5960L103,2198263,['CAPITAL FUND MANAGEMENT']
FLUTTER ENTMT PLC SHS,"<a href=""http://www.google.com/search?q=stock price FLUTTER ENTMT PLC SHS"" 
        target=""_blank"">FLUTTER ENTMT PLC SHS</a>",G3643J108,2196655,['CAPITAL FUND MANAGEMENT']
HEWLETT PACKARD ENTERPRISE C COM,"<a href=""http://www.google.com/search?q=stock price HEWLETT PACKARD ENTERPRISE C COM"" 
        target=""_blank"">HEWLETT PACKARD ENTERPRISE C COM</a>",42824C109,2183324,['CAPITAL FUND MANAGEMENT']
KRANESHARES TRUST CSI CHI INTERNET,"<a href=""http://www.google.com/search?q=stock price KRANESHARES TRUST CSI CHI INTERNET"" 
        target=""_blank"">KRANESHARES TRUST CSI CHI INTERNET</a>",500767306,2180277,['CAPITAL FUND MANAGEMENT']
LOGITECH INTL S A SHS,"<a href=""http://www.google.com/search?q=stock price LOGITECH INTL S A SHS"" 
        target=""_blank"">LOGITECH INTL S A SHS</a>",H50430232,2153516,['CAPITAL FUND MANAGEMENT']
DUOLINGO INC CL A COM,"<a href=""http://www.google.com/search?q=stock price DUOLINGO INC CL A COM"" 
        target=""_blank"">DUOLINGO INC CL A COM</a>",26603R106,2150874,['CAPITAL FUND MANAGEMENT']
PLANET LABS PBC COM CL A,"<a href=""http://www.google.com/search?q=stock price PLANET LABS PBC COM CL A"" 
        target=""_blank"">PLANET LABS PBC COM CL A</a>",72703X106,2140198,['CAPITAL FUND MANAGEMENT']
CONSTELLATION BRANDS INC CL A,"<a href=""http://www.google.com/search?q=stock price CONSTELLATION BRANDS INC CL A"" 
        target=""_blank"">CONSTELLATION BRANDS INC CL A</a>",21036P108,2128077,['CAPITAL FUND MANAGEMENT']
SOUTHERN CO COM,"<a href=""http://www.google.com/search?q=stock price SOUTHERN CO COM"" 
        target=""_blank"">SOUTHERN CO COM</a>",842587107,2096049,['CAPITAL FUND MANAGEMENT']
KINDER MORGAN INC DEL COM,"<a href=""http://www.google.com/search?q=stock price KINDER MORGAN INC DEL COM"" 
        target=""_blank"">KINDER MORGAN INC DEL COM</a>",49456B101,2049277,['CAPITAL FUND MANAGEMENT']
FEDEX FGHT HLDG CO INC COMMON STOCK,"<a href=""http://www.google.com/search?q=stock price FEDEX FGHT HLDG CO INC COMMON STOCK"" 
        target=""_blank"">FEDEX FGHT HLDG CO INC COMMON STOCK</a>",314352105,2023400,['CAPITAL FUND MANAGEMENT']
INTERNATIONAL PAPER CO COM,"<a href=""http://www.google.com/search?q=stock price INTERNATIONAL PAPER CO COM"" 
        target=""_blank"">INTERNATIONAL PAPER CO COM</a>",460146103,2007870,['CAPITAL FUND MANAGEMENT']
HECLA MINING COMPANY COM,"<a href=""http://www.google.com/search?q=stock price HECLA MINING COMPANY COM"" 
        target=""_blank"">HECLA MINING COMPANY COM</a>",422704106,1990470,['CAPITAL FUND MANAGEMENT']
LAS VEGAS SANDS CORP COM,"<a href=""http://www.google.com/search?q=stock price LAS VEGAS SANDS CORP COM"" 
        target=""_blank"">LAS VEGAS SANDS CORP COM</a>",517834107,1972313,['CAPITAL FUND MANAGEMENT']
FASTLY INC CL A,"<a href=""http://www.google.com/search?q=stock price FASTLY INC CL A"" 
        target=""_blank"">FASTLY INC CL A</a>",31188V100,1971864,['CAPITAL FUND MANAGEMENT']
OSCAR HEALTH INC CL A,"<a href=""http://www.google.com/search?q=stock price OSCAR HEALTH INC CL A"" 
        target=""_blank"">OSCAR HEALTH INC CL A</a>",687793109,1950768,['CAPITAL FUND MANAGEMENT']
ETSY INC COM,"<a href=""http://www.google.com/search?q=stock price ETSY INC COM"" 
        target=""_blank"">ETSY INC COM</a>",29786A106,1943514,['CAPITAL FUND MANAGEMENT']
FIFTH THIRD BANCORP COM,"<a href=""http://www.google.com/search?q=stock price FIFTH THIRD BANCORP COM"" 
        target=""_blank"">FIFTH THIRD BANCORP COM</a>",316773100,1933491,['CAPITAL FUND MANAGEMENT']
SELECT SECTOR SPDR TR ST STR MATER ETF,"<a href=""http://www.google.com/search?q=stock price SELECT SECTOR SPDR TR ST STR MATER ETF"" 
        target=""_blank"">SELECT SECTOR SPDR TR ST STR MATER ETF</a>",81369Y100,1931540,['CAPITAL FUND MANAGEMENT']
BHP BILLITON LIMITED SPONSORED ADS,"<a href=""http://www.google.com/search?q=stock price BHP BILLITON LIMITED SPONSORED ADS"" 
        target=""_blank"">BHP BILLITON LIMITED SPONSORED ADS</a>",088606108,1899468,['CAPITAL FUND MANAGEMENT']
INTERCONTINENTAL EXCHANGE IN COM,"<a href=""http://www.google.com/search?q=stock price INTERCONTINENTAL EXCHANGE IN COM"" 
        target=""_blank"">INTERCONTINENTAL EXCHANGE IN COM</a>",45866F104,1871272,['CAPITAL FUND MANAGEMENT']
DEVON ENERGY CORP NEW COM,"<a href=""http://www.google.com/search?q=stock price DEVON ENERGY CORP NEW COM"" 
        target=""_blank"">DEVON ENERGY CORP NEW COM</a>",25179M103,1870969,['CAPITAL FUND MANAGEMENT']
REGIONS FINANCIAL CORP NEW COM,"<a href=""http://www.google.com/search?q=stock price REGIONS FINANCIAL CORP NEW COM"" 
        target=""_blank"">REGIONS FINANCIAL CORP NEW COM</a>",7591EP100,1848240,['CAPITAL FUND MANAGEMENT']
STANLEY BLACK & DECKER INC COM,"<a href=""http://www.google.com/search?q=stock price STANLEY BLACK & DECKER INC COM"" 
        target=""_blank"">STANLEY BLACK & DECKER INC COM</a>",854502101,1844752,['CAPITAL FUND MANAGEMENT']
PAN AMERN SILVER CORP COM,"<a href=""http://www.google.com/search?q=stock price PAN AMERN SILVER CORP COM"" 
        target=""_blank"">PAN AMERN SILVER CORP COM</a>",697900108,1840869,['CAPITAL FUND MANAGEMENT']
CENTRUS ENERGY CORP CL A,"<a href=""http://www.google.com/search?q=stock price CENTRUS ENERGY CORP CL A"" 
        target=""_blank"">CENTRUS ENERGY CORP CL A</a>",15643U104,1779422,['CAPITAL FUND MANAGEMENT']
NRG ENERGY INC COM NEW,"<a href=""http://www.google.com/search?q=stock price NRG ENERGY INC COM NEW"" 
        target=""_blank"">NRG ENERGY INC COM NEW</a>",629377508,1767326,['CAPITAL FUND MANAGEMENT']
AVIS BUDGET GROUP INC COM,"<a href=""http://www.google.com/search?q=stock price AVIS BUDGET GROUP INC COM"" 
        target=""_blank"">AVIS BUDGET GROUP INC COM</a>",053774105,1759177,['CAPITAL FUND MANAGEMENT']
LENNAR CORP CL A,"<a href=""http://www.google.com/search?q=stock price LENNAR CORP CL A"" 
        target=""_blank"">LENNAR CORP CL A</a>",526057104,1755506,['CAPITAL FUND MANAGEMENT']
CINTAS CORP COM,"<a href=""http://www.google.com/search?q=stock price CINTAS CORP COM"" 
        target=""_blank"">CINTAS CORP COM</a>",172908105,1751824,['CAPITAL FUND MANAGEMENT']
MGM RESORTS INTERNATIONAL COM,"<a href=""http://www.google.com/search?q=stock price MGM RESORTS INTERNATIONAL COM"" 
        target=""_blank"">MGM RESORTS INTERNATIONAL COM</a>",552953101,1740284,['CAPITAL FUND MANAGEMENT']
CORE SCIENTIFIC INC NEW COM,"<a href=""http://www.google.com/search?q=stock price CORE SCIENTIFIC INC NEW COM"" 
        target=""_blank"">CORE SCIENTIFIC INC NEW COM</a>",21874A106,1732443,['CAPITAL FUND MANAGEMENT']
RIOT PLATFORMS INC COM,"<a href=""http://www.google.com/search?q=stock price RIOT PLATFORMS INC COM"" 
        target=""_blank"">RIOT PLATFORMS INC COM</a>",767292105,1694822,['CAPITAL FUND MANAGEMENT']
KINROSS GOLD CORP COM,"<a href=""http://www.google.com/search?q=stock price KINROSS GOLD CORP COM"" 
        target=""_blank"">KINROSS GOLD CORP COM</a>",496902404,1688830,['CAPITAL FUND MANAGEMENT']
RH COM,"<a href=""http://www.google.com/search?q=stock price RH COM"" 
        target=""_blank"">RH COM</a>",74967X103,1680246,['CAPITAL FUND MANAGEMENT']
CF INDUSTRIES HOLD COM,"<a href=""http://www.google.com/search?q=stock price CF INDUSTRIES HOLD COM"" 
        target=""_blank"">CF INDUSTRIES HOLD COM</a>",125269100,1623900,['CAPITAL FUND MANAGEMENT']
MAPLEBEAR INC COM,"<a href=""http://www.google.com/search?q=stock price MAPLEBEAR INC COM"" 
        target=""_blank"">MAPLEBEAR INC COM</a>",565394103,1619370,['CAPITAL FUND MANAGEMENT']
EMERSON ELEC CO COM,"<a href=""http://www.google.com/search?q=stock price EMERSON ELEC CO COM"" 
        target=""_blank"">EMERSON ELEC CO COM</a>",291011104,1617595,['CAPITAL FUND MANAGEMENT']
NAVITAS SEMICONDUCTOR CORP COM,"<a href=""http://www.google.com/search?q=stock price NAVITAS SEMICONDUCTOR CORP COM"" 
        target=""_blank"">NAVITAS SEMICONDUCTOR CORP COM</a>",63942X106,1609216,['CAPITAL FUND MANAGEMENT']
PAYCHEX INC COM,"<a href=""http://www.google.com/search?q=stock price PAYCHEX INC COM"" 
        target=""_blank"">PAYCHEX INC COM</a>",704326107,1602779,['CAPITAL FUND MANAGEMENT']
CONAGRA BRANDS INC COM,"<a href=""http://www.google.com/search?q=stock price CONAGRA BRANDS INC COM"" 
        target=""_blank"">CONAGRA BRANDS INC COM</a>",205887102,1593664,['CAPITAL FUND MANAGEMENT']
BLUE OWL CAPITAL INC COM CL A,"<a href=""http://www.google.com/search?q=stock price BLUE OWL CAPITAL INC COM CL A"" 
        target=""_blank"">BLUE OWL CAPITAL INC COM CL A</a>",09581B103,1582000,['CAPITAL FUND MANAGEMENT']
ALCOA CORP COM,"<a href=""http://www.google.com/search?q=stock price ALCOA CORP COM"" 
        target=""_blank"">ALCOA CORP COM</a>",013872106,1569414,['CAPITAL FUND MANAGEMENT']
DECKERS OUTDOOR CORP COM,"<a href=""http://www.google.com/search?q=stock price DECKERS OUTDOOR CORP COM"" 
        target=""_blank"">DECKERS OUTDOOR CORP COM</a>",243537107,1568782,['CAPITAL FUND MANAGEMENT']
CAMECO CORP COM,"<a href=""http://www.google.com/search?q=stock price CAMECO CORP COM"" 
        target=""_blank"">CAMECO CORP COM</a>",13321L108,1568644,['CAPITAL FUND MANAGEMENT']
SPROUTS FMRS MKT INC COM,"<a href=""http://www.google.com/search?q=stock price SPROUTS FMRS MKT INC COM"" 
        target=""_blank"">SPROUTS FMRS MKT INC COM</a>",85208M102,1556272,['CAPITAL FUND MANAGEMENT']
CLEVELAND-CLIFFS INC NEW COM,"<a href=""http://www.google.com/search?q=stock price CLEVELAND-CLIFFS INC NEW COM"" 
        target=""_blank"">CLEVELAND-CLIFFS INC NEW COM</a>",185899101,1555923,['CAPITAL FUND MANAGEMENT']
HP INC COM,"<a href=""http://www.google.com/search?q=stock price HP INC COM"" 
        target=""_blank"">HP INC COM</a>",40434L105,1555546,['CAPITAL FUND MANAGEMENT']
BAIDU INC SPON ADR REP A,"<a href=""http://www.google.com/search?q=stock price BAIDU INC SPON ADR REP A"" 
        target=""_blank"">BAIDU INC SPON ADR REP A</a>",056752108,1554344,['CAPITAL FUND MANAGEMENT']
ANHEUSER BUSCH INBEV SA NV SPONSORED ADR,"<a href=""http://www.google.com/search?q=stock price ANHEUSER BUSCH INBEV SA NV SPONSORED ADR"" 
        target=""_blank"">ANHEUSER BUSCH INBEV SA NV SPONSORED ADR</a>",03524A108,1540880,['CAPITAL FUND MANAGEMENT']
ZETA GLOBAL HOLDINGS CORP CL A,"<a href=""http://www.google.com/search?q=stock price ZETA GLOBAL HOLDINGS CORP CL A"" 
        target=""_blank"">ZETA GLOBAL HOLDINGS CORP CL A</a>",98956A105,1527168,['CAPITAL FUND MANAGEMENT']
HSBC HLDGS PLC SPON ADR NEW,"<a href=""http://www.google.com/search?q=stock price HSBC HLDGS PLC SPON ADR NEW"" 
        target=""_blank"">HSBC HLDGS PLC SPON ADR NEW</a>",404280406,1511931,['CAPITAL FUND MANAGEMENT']
FASTENAL CO COM,"<a href=""http://www.google.com/search?q=stock price FASTENAL CO COM"" 
        target=""_blank"">FASTENAL CO COM</a>",311900104,1460112,['CAPITAL FUND MANAGEMENT']
EXPAND ENERGY CORPORATION COM,"<a href=""http://www.google.com/search?q=stock price EXPAND ENERGY CORPORATION COM"" 
        target=""_blank"">EXPAND ENERGY CORPORATION COM</a>",165167735,1449921,['CAPITAL FUND MANAGEMENT']
GLOBAL X FDS GLOBAL X SILVER,"<a href=""http://www.google.com/search?q=stock price GLOBAL X FDS GLOBAL X SILVER"" 
        target=""_blank"">GLOBAL X FDS GLOBAL X SILVER</a>",37954Y848,1417518,['CAPITAL FUND MANAGEMENT']
KROGER CO COM,"<a href=""http://www.google.com/search?q=stock price KROGER CO COM"" 
        target=""_blank"">KROGER CO COM</a>",501044101,1410462,['CAPITAL FUND MANAGEMENT']
PRICE T ROWE GROUP INC COM,"<a href=""http://www.google.com/search?q=stock price PRICE T ROWE GROUP INC COM"" 
        target=""_blank"">PRICE T ROWE GROUP INC COM</a>",74144T108,1409756,['CAPITAL FUND MANAGEMENT']
ALLY FINL INC COM,"<a href=""http://www.google.com/search?q=stock price ALLY FINL INC COM"" 
        target=""_blank"">ALLY FINL INC COM</a>",02005N100,1401475,['CAPITAL FUND MANAGEMENT']
FIRST HORIZON CORPORATION COM,"<a href=""http://www.google.com/search?q=stock price FIRST HORIZON CORPORATION COM"" 
        target=""_blank"">FIRST HORIZON CORPORATION COM</a>",320517105,1397380,['CAPITAL FUND MANAGEMENT']
ALIBABA GROUP HLDG LTD SPONSORED ADS,"<a href=""http://www.google.com/search?q=stock price ALIBABA GROUP HLDG LTD SPONSORED ADS"" 
        target=""_blank"">ALIBABA GROUP HLDG LTD SPONSORED ADS</a>",01609W102,1372514,['CAPITAL FUND MANAGEMENT']
COSTAR GROUP INC COM,"<a href=""http://www.google.com/search?q=stock price COSTAR GROUP INC COM"" 
        target=""_blank"">COSTAR GROUP INC COM</a>",22160N109,1362192,['CAPITAL FUND MANAGEMENT']
CARRIER GLOBAL CORPORATION COM,"<a href=""http://www.google.com/search?q=stock price CARRIER GLOBAL CORPORATION COM"" 
        target=""_blank"">CARRIER GLOBAL CORPORATION COM</a>",14448C104,1349640,['CAPITAL FUND MANAGEMENT']
JD.COM INC SPON ADS CL A,"<a href=""http://www.google.com/search?q=stock price JD.COM INC SPON ADS CL A"" 
        target=""_blank"">JD.COM INC SPON ADS CL A</a>",47215P106,1345344,['CAPITAL FUND MANAGEMENT']
FMC CORP COM NEW,"<a href=""http://www.google.com/search?q=stock price FMC CORP COM NEW"" 
        target=""_blank"">FMC CORP COM NEW</a>",302491303,1334000,['CAPITAL FUND MANAGEMENT']
PG&E CORP COM,"<a href=""http://www.google.com/search?q=stock price PG&E CORP COM"" 
        target=""_blank"">PG&E CORP COM</a>",69331C108,1328780,['CAPITAL FUND MANAGEMENT']
PLANET FITNESS MASTER ISSUER CL A,"<a href=""http://www.google.com/search?q=stock price PLANET FITNESS MASTER ISSUER CL A"" 
        target=""_blank"">PLANET FITNESS MASTER ISSUER CL A</a>",72703H101,1319901,['CAPITAL FUND MANAGEMENT']
VIAVI SOLUTIONS INC COM,"<a href=""http://www.google.com/search?q=stock price VIAVI SOLUTIONS INC COM"" 
        target=""_blank"">VIAVI SOLUTIONS INC COM</a>",925550105,1313125,['CAPITAL FUND MANAGEMENT']
HARLEY DAVIDSON INC COM,"<a href=""http://www.google.com/search?q=stock price HARLEY DAVIDSON INC COM"" 
        target=""_blank"">HARLEY DAVIDSON INC COM</a>",412822108,1291488,['CAPITAL FUND MANAGEMENT']
DIAGEO PLC SPON ADR NEW,"<a href=""http://www.google.com/search?q=stock price DIAGEO PLC SPON ADR NEW"" 
        target=""_blank"">DIAGEO PLC SPON ADR NEW</a>",25243Q205,1286080,['CAPITAL FUND MANAGEMENT']
UNITY SOFTWARE INC COM,"<a href=""http://www.google.com/search?q=stock price UNITY SOFTWARE INC COM"" 
        target=""_blank"">UNITY SOFTWARE INC COM</a>",91332U101,1277526,['CAPITAL FUND MANAGEMENT']
SOLAREDGE TECHNOLOGIES INC COM,"<a href=""http://www.google.com/search?q=stock price SOLAREDGE TECHNOLOGIES INC COM"" 
        target=""_blank"">SOLAREDGE TECHNOLOGIES INC COM</a>",83417M104,1256460,['CAPITAL FUND MANAGEMENT']
GODADDY INC CL A,"<a href=""http://www.google.com/search?q=stock price GODADDY INC CL A"" 
        target=""_blank"">GODADDY INC CL A</a>",380237107,1247736,['CAPITAL FUND MANAGEMENT']
GE HEALTHCARE TECHNOLOGIES I COMMON STOCK,"<a href=""http://www.google.com/search?q=stock price GE HEALTHCARE TECHNOLOGIES I COMMON STOCK"" 
        target=""_blank"">GE HEALTHCARE TECHNOLOGIES I COMMON STOCK</a>",36266G107,1216190,['CAPITAL FUND MANAGEMENT']
DOXIMITY INC CL A,"<a href=""http://www.google.com/search?q=stock price DOXIMITY INC CL A"" 
        target=""_blank"">DOXIMITY INC CL A</a>",26622P107,1215364,['CAPITAL FUND MANAGEMENT']
GITLAB INC CLASS A COM,"<a href=""http://www.google.com/search?q=stock price GITLAB INC CLASS A COM"" 
        target=""_blank"">GITLAB INC CLASS A COM</a>",37637K108,1187617,['CAPITAL FUND MANAGEMENT']
LUCID GROUP INC COM NEW,"<a href=""http://www.google.com/search?q=stock price LUCID GROUP INC COM NEW"" 
        target=""_blank"">LUCID GROUP INC COM NEW</a>",549498202,1185468,['CAPITAL FUND MANAGEMENT']
UIPATH INC CL A,"<a href=""http://www.google.com/search?q=stock price UIPATH INC CL A"" 
        target=""_blank"">UIPATH INC CL A</a>",90364P105,1171786,['CAPITAL FUND MANAGEMENT']
LEMONADE INC COM,"<a href=""http://www.google.com/search?q=stock price LEMONADE INC COM"" 
        target=""_blank"">LEMONADE INC COM</a>",52567D107,1170900,['CAPITAL FUND MANAGEMENT']
ALCON AG ORD SHS,"<a href=""http://www.google.com/search?q=stock price ALCON AG ORD SHS"" 
        target=""_blank"">ALCON AG ORD SHS</a>",H01301128,1160830,['CAPITAL FUND MANAGEMENT']
SOUTHWEST AIRLS CO COM,"<a href=""http://www.google.com/search?q=stock price SOUTHWEST AIRLS CO COM"" 
        target=""_blank"">SOUTHWEST AIRLS CO COM</a>",844741108,1146666,['CAPITAL FUND MANAGEMENT']
MOLSON COORS BEVERAGE CO CL B,"<a href=""http://www.google.com/search?q=stock price MOLSON COORS BEVERAGE CO CL B"" 
        target=""_blank"">MOLSON COORS BEVERAGE CO CL B</a>",60871R209,1145424,['CAPITAL FUND MANAGEMENT']
TYSON FOODS INC CL A,"<a href=""http://www.google.com/search?q=stock price TYSON FOODS INC CL A"" 
        target=""_blank"">TYSON FOODS INC CL A</a>",902494103,1145000,['CAPITAL FUND MANAGEMENT']
ORGANON & CO COMMON STOCK,"<a href=""http://www.google.com/search?q=stock price ORGANON & CO COMMON STOCK"" 
        target=""_blank"">ORGANON & CO COMMON STOCK</a>",68622V106,1144130,['CAPITAL FUND MANAGEMENT']
ON HLDG AG NAMEN AKT A,"<a href=""http://www.google.com/search?q=stock price ON HLDG AG NAMEN AKT A"" 
        target=""_blank"">ON HLDG AG NAMEN AKT A</a>",H5919C104,1119272,['CAPITAL FUND MANAGEMENT']
C3 AI INC CL A,"<a href=""http://www.google.com/search?q=stock price C3 AI INC CL A"" 
        target=""_blank"">C3 AI INC CL A</a>",12468P104,1098981,['CAPITAL FUND MANAGEMENT']
COUPANG INC CL A,"<a href=""http://www.google.com/search?q=stock price COUPANG INC CL A"" 
        target=""_blank"">COUPANG INC CL A</a>",22266T109,1096047,['CAPITAL FUND MANAGEMENT']
FIDELITY NATL INFORMATION SV COM,"<a href=""http://www.google.com/search?q=stock price FIDELITY NATL INFORMATION SV COM"" 
        target=""_blank"">FIDELITY NATL INFORMATION SV COM</a>",31620M106,1088640,['CAPITAL FUND MANAGEMENT']
QXO INC COM NEW,"<a href=""http://www.google.com/search?q=stock price QXO INC COM NEW"" 
        target=""_blank"">QXO INC COM NEW</a>",82846H405,1081728,['CAPITAL FUND MANAGEMENT']
VICI PPTYS INC COM,"<a href=""http://www.google.com/search?q=stock price VICI PPTYS INC COM"" 
        target=""_blank"">VICI PPTYS INC COM</a>",925652109,1069965,['CAPITAL FUND MANAGEMENT']
VANGUARD INDEX FDS REAL ESTATE ETF,"<a href=""http://www.google.com/search?q=stock price VANGUARD INDEX FDS REAL ESTATE ETF"" 
        target=""_blank"">VANGUARD INDEX FDS REAL ESTATE ETF</a>",922908553,1060730,['CAPITAL FUND MANAGEMENT']
SUNCOR ENERGY INC NEW COM,"<a href=""http://www.google.com/search?q=stock price SUNCOR ENERGY INC NEW COM"" 
        target=""_blank"">SUNCOR ENERGY INC NEW COM</a>",867224107,1046760,['CAPITAL FUND MANAGEMENT']
UPSTART HLDGS INC COM,"<a href=""http://www.google.com/search?q=stock price UPSTART HLDGS INC COM"" 
        target=""_blank"">UPSTART HLDGS INC COM</a>",91680M107,1034556,['CAPITAL FUND MANAGEMENT']
RUBRIK INC. CL A,"<a href=""http://www.google.com/search?q=stock price RUBRIK INC. CL A"" 
        target=""_blank"">RUBRIK INC. CL A</a>",781154109,1027584,['CAPITAL FUND MANAGEMENT']
MP MATERIALS CORP COM CL A,"<a href=""http://www.google.com/search?q=stock price MP MATERIALS CORP COM CL A"" 
        target=""_blank"">MP MATERIALS CORP COM CL A</a>",553368101,1024983,['CAPITAL FUND MANAGEMENT']
BALL CORP COM,"<a href=""http://www.google.com/search?q=stock price BALL CORP COM"" 
        target=""_blank"">BALL CORP COM</a>",058498106,1010880,['CAPITAL FUND MANAGEMENT']
MOSAIC CO COM,"<a href=""http://www.google.com/search?q=stock price MOSAIC CO COM"" 
        target=""_blank"">MOSAIC CO COM</a>",61945C103,1010763,['CAPITAL FUND MANAGEMENT']
VIASAT INC COM,"<a href=""http://www.google.com/search?q=stock price VIASAT INC COM"" 
        target=""_blank"">VIASAT INC COM</a>",92552V100,978929,['CAPITAL FUND MANAGEMENT']
SNAP INC CL A,"<a href=""http://www.google.com/search?q=stock price SNAP INC CL A"" 
        target=""_blank"">SNAP INC CL A</a>",83304A106,971028,['CAPITAL FUND MANAGEMENT']
MACYS INC COM,"<a href=""http://www.google.com/search?q=stock price MACYS INC COM"" 
        target=""_blank"">MACYS INC COM</a>",55616P104,946710,['CAPITAL FUND MANAGEMENT']
ANGLOGOLD ASHANTI PLC COM SHS,"<a href=""http://www.google.com/search?q=stock price ANGLOGOLD ASHANTI PLC COM SHS"" 
        target=""_blank"">ANGLOGOLD ASHANTI PLC COM SHS</a>",G0378L100,938324,['CAPITAL FUND MANAGEMENT']
NU HLDGS LTD ORD SHS CL A,"<a href=""http://www.google.com/search?q=stock price NU HLDGS LTD ORD SHS CL A"" 
        target=""_blank"">NU HLDGS LTD ORD SHS CL A</a>",G6683N103,920504,['CAPITAL FUND MANAGEMENT']
ING GROEP N.V. SPONSORED ADR,"<a href=""http://www.google.com/search?q=stock price ING GROEP N.V. SPONSORED ADR"" 
        target=""_blank"">ING GROEP N.V. SPONSORED ADR</a>",456837103,897468,['CAPITAL FUND MANAGEMENT']
COPART INC COM,"<a href=""http://www.google.com/search?q=stock price COPART INC COM"" 
        target=""_blank"">COPART INC COM</a>",217204106,868252,['CAPITAL FUND MANAGEMENT']
HORMEL FOODS CORP COM,"<a href=""http://www.google.com/search?q=stock price HORMEL FOODS CORP COM"" 
        target=""_blank"">HORMEL FOODS CORP COM</a>",440452100,843880,['CAPITAL FUND MANAGEMENT']
BEST BUY INC COM,"<a href=""http://www.google.com/search?q=stock price BEST BUY INC COM"" 
        target=""_blank"">BEST BUY INC COM</a>",086516101,842268,['CAPITAL FUND MANAGEMENT']
BARCLAYS PLC ADR,"<a href=""http://www.google.com/search?q=stock price BARCLAYS PLC ADR"" 
        target=""_blank"">BARCLAYS PLC ADR</a>",06738E204,838032,['CAPITAL FUND MANAGEMENT']
SAMSARA INC COM CL A,"<a href=""http://www.google.com/search?q=stock price SAMSARA INC COM CL A"" 
        target=""_blank"">SAMSARA INC COM CL A</a>",79589L106,826965,['CAPITAL FUND MANAGEMENT']
INTELLIA THERAPEUTICS INC COM,"<a href=""http://www.google.com/search?q=stock price INTELLIA THERAPEUTICS INC COM"" 
        target=""_blank"">INTELLIA THERAPEUTICS INC COM</a>",45826J105,825696,['CAPITAL FUND MANAGEMENT']
CENTERPOINT ENERGY INC COM,"<a href=""http://www.google.com/search?q=stock price CENTERPOINT ENERGY INC COM"" 
        target=""_blank"">CENTERPOINT ENERGY INC COM</a>",15189T107,823548,['CAPITAL FUND MANAGEMENT']
ZIONS BANCORPORATION NATL AS COM,"<a href=""http://www.google.com/search?q=stock price ZIONS BANCORPORATION NATL AS COM"" 
        target=""_blank"">ZIONS BANCORPORATION NATL AS COM</a>",989701107,823361,['CAPITAL FUND MANAGEMENT']
OMNICOM GROUP INC COM,"<a href=""http://www.google.com/search?q=stock price OMNICOM GROUP INC COM"" 
        target=""_blank"">OMNICOM GROUP INC COM</a>",681919106,815696,['CAPITAL FUND MANAGEMENT']
ASE TECHNOLOGY HLDG CO LTD SPONSORED ADS,"<a href=""http://www.google.com/search?q=stock price ASE TECHNOLOGY HLDG CO LTD SPONSORED ADS"" 
        target=""_blank"">ASE TECHNOLOGY HLDG CO LTD SPONSORED ADS</a>",00215W100,812160,['CAPITAL FUND MANAGEMENT']
FORTUNE BRANDS INNOVATIONS I COM,"<a href=""http://www.google.com/search?q=stock price FORTUNE BRANDS INNOVATIONS I COM"" 
        target=""_blank"">FORTUNE BRANDS INNOVATIONS I COM</a>",34964C106,807030,['CAPITAL FUND MANAGEMENT']
VISTANCE NETWORKS INC COM,"<a href=""http://www.google.com/search?q=stock price VISTANCE NETWORKS INC COM"" 
        target=""_blank"">VISTANCE NETWORKS INC COM</a>",20337X109,798750,['CAPITAL FUND MANAGEMENT']
E L F BEAUTY INC COM,"<a href=""http://www.google.com/search?q=stock price E L F BEAUTY INC COM"" 
        target=""_blank"">E L F BEAUTY INC COM</a>",26856L103,762200,['CAPITAL FUND MANAGEMENT']
FLOOR & DECOR HLDGS INC CL A,"<a href=""http://www.google.com/search?q=stock price FLOOR & DECOR HLDGS INC CL A"" 
        target=""_blank"">FLOOR & DECOR HLDGS INC CL A</a>",339750101,747936,['CAPITAL FUND MANAGEMENT']
PRIMO BRANDS CORPORATION CLASS A COM SHS,"<a href=""http://www.google.com/search?q=stock price PRIMO BRANDS CORPORATION CLASS A COM SHS"" 
        target=""_blank"">PRIMO BRANDS CORPORATION CLASS A COM SHS</a>",741623102,716092,['CAPITAL FUND MANAGEMENT']
NUTANIX INC CL A,"<a href=""http://www.google.com/search?q=stock price NUTANIX INC CL A"" 
        target=""_blank"">NUTANIX INC CL A</a>",67059N108,713440,['CAPITAL FUND MANAGEMENT']
INTUITIVE MACHINES INC CLASS A COM,"<a href=""http://www.google.com/search?q=stock price INTUITIVE MACHINES INC CLASS A COM"" 
        target=""_blank"">INTUITIVE MACHINES INC CLASS A COM</a>",46125A100,712287,['CAPITAL FUND MANAGEMENT']
SM ENERGY COMPANY COM,"<a href=""http://www.google.com/search?q=stock price SM ENERGY COMPANY COM"" 
        target=""_blank"">SM ENERGY COMPANY COM</a>",78454L100,708484,['CAPITAL FUND MANAGEMENT']
UNDER ARMOUR INC CL A,"<a href=""http://www.google.com/search?q=stock price UNDER ARMOUR INC CL A"" 
        target=""_blank"">UNDER ARMOUR INC CL A</a>",904311107,708012,['CAPITAL FUND MANAGEMENT']
COGNIZANT TECHNOLOGY SOLUTIO CL A,"<a href=""http://www.google.com/search?q=stock price COGNIZANT TECHNOLOGY SOLUTIO CL A"" 
        target=""_blank"">COGNIZANT TECHNOLOGY SOLUTIO CL A</a>",192446102,689394,['CAPITAL FUND MANAGEMENT']
ISHARES TR MSCI UK ETF NEW,"<a href=""http://www.google.com/search?q=stock price ISHARES TR MSCI UK ETF NEW"" 
        target=""_blank"">ISHARES TR MSCI UK ETF NEW</a>",46435G334,682872,['CAPITAL FUND MANAGEMENT']
GSK PLC SPONSORED ADR,"<a href=""http://www.google.com/search?q=stock price GSK PLC SPONSORED ADR"" 
        target=""_blank"">GSK PLC SPONSORED ADR</a>",37733W204,676218,['CAPITAL FUND MANAGEMENT']
SHIFT4 PMTS INC CL A,"<a href=""http://www.google.com/search?q=stock price SHIFT4 PMTS INC CL A"" 
        target=""_blank"">SHIFT4 PMTS INC CL A</a>",82452J109,676096,['CAPITAL FUND MANAGEMENT']
NUTRIEN LTD COM,"<a href=""http://www.google.com/search?q=stock price NUTRIEN LTD COM"" 
        target=""_blank"">NUTRIEN LTD COM</a>",67077M108,673565,['CAPITAL FUND MANAGEMENT']
AMER SPORTS INC COM SHS,"<a href=""http://www.google.com/search?q=stock price AMER SPORTS INC COM SHS"" 
        target=""_blank"">AMER SPORTS INC COM SHS</a>",G0260P102,636192,['CAPITAL FUND MANAGEMENT']
SONY GROUP CORP SPONSORED ADR,"<a href=""http://www.google.com/search?q=stock price SONY GROUP CORP SPONSORED ADR"" 
        target=""_blank"">SONY GROUP CORP SPONSORED ADR</a>",835699307,635902,['CAPITAL FUND MANAGEMENT']
ELDORADO GOLD CORP NEW COM,"<a href=""http://www.google.com/search?q=stock price ELDORADO GOLD CORP NEW COM"" 
        target=""_blank"">ELDORADO GOLD CORP NEW COM</a>",284902509,621800,['CAPITAL FUND MANAGEMENT']
SHAKE SHACK INC CL A,"<a href=""http://www.google.com/search?q=stock price SHAKE SHACK INC CL A"" 
        target=""_blank"">SHAKE SHACK INC CL A</a>",819047101,616220,['CAPITAL FUND MANAGEMENT']
PENN ENTERTAINMENT INC COM,"<a href=""http://www.google.com/search?q=stock price PENN ENTERTAINMENT INC COM"" 
        target=""_blank"">PENN ENTERTAINMENT INC COM</a>",707569109,608760,['CAPITAL FUND MANAGEMENT']
GLOBAL X FDS GLOBAL X URANIUM,"<a href=""http://www.google.com/search?q=stock price GLOBAL X FDS GLOBAL X URANIUM"" 
        target=""_blank"">GLOBAL X FDS GLOBAL X URANIUM</a>",37954Y871,607430,['CAPITAL FUND MANAGEMENT']
YPF SOCIEDAD ANONIMA SPON ADR CL D,"<a href=""http://www.google.com/search?q=stock price YPF SOCIEDAD ANONIMA SPON ADR CL D"" 
        target=""_blank"">YPF SOCIEDAD ANONIMA SPON ADR CL D</a>",984245100,604751,['CAPITAL FUND MANAGEMENT']
BITDEER TECHNOLOGIES GROUP CL A ORD SHS,"<a href=""http://www.google.com/search?q=stock price BITDEER TECHNOLOGIES GROUP CL A ORD SHS"" 
        target=""_blank"">BITDEER TECHNOLOGIES GROUP CL A ORD SHS</a>",G11448100,604647,['CAPITAL FUND MANAGEMENT']
ALASKA AIR GROUP INC COM,"<a href=""http://www.google.com/search?q=stock price ALASKA AIR GROUP INC COM"" 
        target=""_blank"">ALASKA AIR GROUP INC COM</a>",011659109,600300,['CAPITAL FUND MANAGEMENT']
CLEAR SECURE INC COM CL A,"<a href=""http://www.google.com/search?q=stock price CLEAR SECURE INC COM CL A"" 
        target=""_blank"">CLEAR SECURE INC COM CL A</a>",18467V109,585165,['CAPITAL FUND MANAGEMENT']
INVESCO LTD SHS,"<a href=""http://www.google.com/search?q=stock price INVESCO LTD SHS"" 
        target=""_blank"">INVESCO LTD SHS</a>",G491BT108,580580,['CAPITAL FUND MANAGEMENT']
ONDAS INC COM NEW,"<a href=""http://www.google.com/search?q=stock price ONDAS INC COM NEW"" 
        target=""_blank"">ONDAS INC COM NEW</a>",68236H204,576800,['CAPITAL FUND MANAGEMENT']
KLARNA GROUP PLC SHS,"<a href=""http://www.google.com/search?q=stock price KLARNA GROUP PLC SHS"" 
        target=""_blank"">KLARNA GROUP PLC SHS</a>",G5279N105,574816,['CAPITAL FUND MANAGEMENT']
SUNRUN INC COM,"<a href=""http://www.google.com/search?q=stock price SUNRUN INC COM"" 
        target=""_blank"">SUNRUN INC COM</a>",86771W105,565974,['CAPITAL FUND MANAGEMENT']
LINCOLN NATL CORP IND COM,"<a href=""http://www.google.com/search?q=stock price LINCOLN NATL CORP IND COM"" 
        target=""_blank"">LINCOLN NATL CORP IND COM</a>",534187109,558530,['CAPITAL FUND MANAGEMENT']
TOAST INC CL A,"<a href=""http://www.google.com/search?q=stock price TOAST INC CL A"" 
        target=""_blank"">TOAST INC CL A</a>",888787108,556400,['CAPITAL FUND MANAGEMENT']
JEFFERIES FINANCIAL GROUP IN COM,"<a href=""http://www.google.com/search?q=stock price JEFFERIES FINANCIAL GROUP IN COM"" 
        target=""_blank"">JEFFERIES FINANCIAL GROUP IN COM</a>",47233W109,554778,['CAPITAL FUND MANAGEMENT']
V F CORP COM,"<a href=""http://www.google.com/search?q=stock price V F CORP COM"" 
        target=""_blank"">V F CORP COM</a>",918204108,553776,['CAPITAL FUND MANAGEMENT']
PERMIAN RESOURCES CORP CLASS A COM,"<a href=""http://www.google.com/search?q=stock price PERMIAN RESOURCES CORP CLASS A COM"" 
        target=""_blank"">PERMIAN RESOURCES CORP CLASS A COM</a>",71424F105,552300,['CAPITAL FUND MANAGEMENT']
MATCH GROUP INC NEW COM,"<a href=""http://www.google.com/search?q=stock price MATCH GROUP INC NEW COM"" 
        target=""_blank"">MATCH GROUP INC NEW COM</a>",57667L107,551725,['CAPITAL FUND MANAGEMENT']
BARRICK MNG CORP COM SHS,"<a href=""http://www.google.com/search?q=stock price BARRICK MNG CORP COM SHS"" 
        target=""_blank"">BARRICK MNG CORP COM SHS</a>",06849F108,550950,['CAPITAL FUND MANAGEMENT']
UNITED MICROELECTRONICS CORP SPON ADR NEW,"<a href=""http://www.google.com/search?q=stock price UNITED MICROELECTRONICS CORP SPON ADR NEW"" 
        target=""_blank"">UNITED MICROELECTRONICS CORP SPON ADR NEW</a>",910873405,541479,['CAPITAL FUND MANAGEMENT']
GAP INC COM,"<a href=""http://www.google.com/search?q=stock price GAP INC COM"" 
        target=""_blank"">GAP INC COM</a>",364760108,536116,['CAPITAL FUND MANAGEMENT']
COEUR MNG INC COM NEW,"<a href=""http://www.google.com/search?q=stock price COEUR MNG INC COM NEW"" 
        target=""_blank"">COEUR MNG INC COM NEW</a>",192108504,535296,['CAPITAL FUND MANAGEMENT']
AGNC INVT CORP COM,"<a href=""http://www.google.com/search?q=stock price AGNC INVT CORP COM"" 
        target=""_blank"">AGNC INVT CORP COM</a>",00123Q104,528650,['CAPITAL FUND MANAGEMENT']
CHIME FINL INC COM SHS CL A,"<a href=""http://www.google.com/search?q=stock price CHIME FINL INC COM SHS CL A"" 
        target=""_blank"">CHIME FINL INC COM SHS CL A</a>",16935C109,526336,['CAPITAL FUND MANAGEMENT']
CALUMET INC COM,"<a href=""http://www.google.com/search?q=stock price CALUMET INC COM"" 
        target=""_blank"">CALUMET INC COM</a>",131428104,515086,['CAPITAL FUND MANAGEMENT']
SYMBOTIC INC CLASS A COM,"<a href=""http://www.google.com/search?q=stock price SYMBOTIC INC CLASS A COM"" 
        target=""_blank"">SYMBOTIC INC CLASS A COM</a>",87151X101,503440,['CAPITAL FUND MANAGEMENT']
EQUINOR ASA SPONSORED ADR,"<a href=""http://www.google.com/search?q=stock price EQUINOR ASA SPONSORED ADR"" 
        target=""_blank"">EQUINOR ASA SPONSORED ADR</a>",29446M102,499260,['CAPITAL FUND MANAGEMENT']
ARCHER AVIATION INC COM CL A,"<a href=""http://www.google.com/search?q=stock price ARCHER AVIATION INC COM CL A"" 
        target=""_blank"">ARCHER AVIATION INC COM CL A</a>",03945R102,498069,['CAPITAL FUND MANAGEMENT']
PAGAYA TECHNOLOGIES LTD CL A NEW,"<a href=""http://www.google.com/search?q=stock price PAGAYA TECHNOLOGIES LTD CL A NEW"" 
        target=""_blank"">PAGAYA TECHNOLOGIES LTD CL A NEW</a>",M7S64L123,492750,['CAPITAL FUND MANAGEMENT']
CHEMOURS CO COM,"<a href=""http://www.google.com/search?q=stock price CHEMOURS CO COM"" 
        target=""_blank"">CHEMOURS CO COM</a>",163851108,488376,['CAPITAL FUND MANAGEMENT']
WEYERHAEUSER CO COM NEW,"<a href=""http://www.google.com/search?q=stock price WEYERHAEUSER CO COM NEW"" 
        target=""_blank"">WEYERHAEUSER CO COM NEW</a>",962166104,481194,['CAPITAL FUND MANAGEMENT']
POET TECHNOLOGIES INC COM NEW,"<a href=""http://www.google.com/search?q=stock price POET TECHNOLOGIES INC COM NEW"" 
        target=""_blank"">POET TECHNOLOGIES INC COM NEW</a>",73044W302,475964,['CAPITAL FUND MANAGEMENT']
ROCKET COS INC COM CL A,"<a href=""http://www.google.com/search?q=stock price ROCKET COS INC COM CL A"" 
        target=""_blank"">ROCKET COS INC COM CL A</a>",77311W101,474075,['CAPITAL FUND MANAGEMENT']
DBX ETF TR XTRACK HRVST CSI,"<a href=""http://www.google.com/search?q=stock price DBX ETF TR XTRACK HRVST CSI"" 
        target=""_blank"">DBX ETF TR XTRACK HRVST CSI</a>",233051879,472914,['CAPITAL FUND MANAGEMENT']
BLOCK H & R INC COM,"<a href=""http://www.google.com/search?q=stock price BLOCK H & R INC COM"" 
        target=""_blank"">BLOCK H & R INC COM</a>",093671105,472192,['CAPITAL FUND MANAGEMENT']
MOBILEYE GLOBAL INC COMMON CLASS A,"<a href=""http://www.google.com/search?q=stock price MOBILEYE GLOBAL INC COMMON CLASS A"" 
        target=""_blank"">MOBILEYE GLOBAL INC COMMON CLASS A</a>",60741F104,455928,['CAPITAL FUND MANAGEMENT']
HUNTINGTON BANCSHARES INC COM,"<a href=""http://www.google.com/search?q=stock price HUNTINGTON BANCSHARES INC COM"" 
        target=""_blank"">HUNTINGTON BANCSHARES INC COM</a>",446150104,452115,['CAPITAL FUND MANAGEMENT']
LEVI STRAUSS & CO NEW CL A COM STK,"<a href=""http://www.google.com/search?q=stock price LEVI STRAUSS & CO NEW CL A COM STK"" 
        target=""_blank"">LEVI STRAUSS & CO NEW CL A COM STK</a>",52736R102,427076,['CAPITAL FUND MANAGEMENT']
FRONTLINE PLC COM,"<a href=""http://www.google.com/search?q=stock price FRONTLINE PLC COM"" 
        target=""_blank"">FRONTLINE PLC COM</a>",M46528101,403564,['CAPITAL FUND MANAGEMENT']
CHEWY INC CL A,"<a href=""http://www.google.com/search?q=stock price CHEWY INC CL A"" 
        target=""_blank"">CHEWY INC CL A</a>",16679L109,400860,['CAPITAL FUND MANAGEMENT']
SENTINELONE INC CL A,"<a href=""http://www.google.com/search?q=stock price SENTINELONE INC CL A"" 
        target=""_blank"">SENTINELONE INC CL A</a>",81730H109,398795,['CAPITAL FUND MANAGEMENT']
SIRIUSXM HOLDINGS INC COMMON STOCK,"<a href=""http://www.google.com/search?q=stock price SIRIUSXM HOLDINGS INC COMMON STOCK"" 
        target=""_blank"">SIRIUSXM HOLDINGS INC COMMON STOCK</a>",829933100,395836,['CAPITAL FUND MANAGEMENT']
BCE INC COM NEW,"<a href=""http://www.google.com/search?q=stock price BCE INC COM NEW"" 
        target=""_blank"">BCE INC COM NEW</a>",05534B760,395784,['CAPITAL FUND MANAGEMENT']
TRANSOCEAN LTD REGISTERED SHS,"<a href=""http://www.google.com/search?q=stock price TRANSOCEAN LTD REGISTERED SHS"" 
        target=""_blank"">TRANSOCEAN LTD REGISTERED SHS</a>",H8817H100,393645,['CAPITAL FUND MANAGEMENT']
RANGE RES CORP COM,"<a href=""http://www.google.com/search?q=stock price RANGE RES CORP COM"" 
        target=""_blank"">RANGE RES CORP COM</a>",75281A109,383057,['CAPITAL FUND MANAGEMENT']
FIGURE TECHNOLOGY SOLUTIO COM CL A,"<a href=""http://www.google.com/search?q=stock price FIGURE TECHNOLOGY SOLUTIO COM CL A"" 
        target=""_blank"">FIGURE TECHNOLOGY SOLUTIO COM CL A</a>",349381103,377733,['CAPITAL FUND MANAGEMENT']
DROPBOX INC CL A,"<a href=""http://www.google.com/search?q=stock price DROPBOX INC CL A"" 
        target=""_blank"">DROPBOX INC CL A</a>",26210C104,373592,['CAPITAL FUND MANAGEMENT']
ANTERO MIDSTREAM CORP COM,"<a href=""http://www.google.com/search?q=stock price ANTERO MIDSTREAM CORP COM"" 
        target=""_blank"">ANTERO MIDSTREAM CORP COM</a>",03676B102,354900,['CAPITAL FUND MANAGEMENT']
RED CAT HLDGS INC COM,"<a href=""http://www.google.com/search?q=stock price RED CAT HLDGS INC COM"" 
        target=""_blank"">RED CAT HLDGS INC COM</a>",75644T100,348255,['CAPITAL FUND MANAGEMENT']
WESTERN UN CO COM,"<a href=""http://www.google.com/search?q=stock price WESTERN UN CO COM"" 
        target=""_blank"">WESTERN UN CO COM</a>",959802109,344960,['CAPITAL FUND MANAGEMENT']
QUANTUMSCAPE CORP COM CL A,"<a href=""http://www.google.com/search?q=stock price QUANTUMSCAPE CORP COM CL A"" 
        target=""_blank"">QUANTUMSCAPE CORP COM CL A</a>",74767V109,340200,['CAPITAL FUND MANAGEMENT']
GEN DIGITAL INC COM,"<a href=""http://www.google.com/search?q=stock price GEN DIGITAL INC COM"" 
        target=""_blank"">GEN DIGITAL INC COM</a>",668771108,321081,['CAPITAL FUND MANAGEMENT']
FLUENCE ENERGY INC COM CL A,"<a href=""http://www.google.com/search?q=stock price FLUENCE ENERGY INC COM CL A"" 
        target=""_blank"">FLUENCE ENERGY INC COM CL A</a>",34379V103,302176,['CAPITAL FUND MANAGEMENT']
KLAVIYO INC COM SER A,"<a href=""http://www.google.com/search?q=stock price KLAVIYO INC COM SER A"" 
        target=""_blank"">KLAVIYO INC COM SER A</a>",49845K101,302000,['CAPITAL FUND MANAGEMENT']
HDFC BANK LTD SPONSORED ADS,"<a href=""http://www.google.com/search?q=stock price HDFC BANK LTD SPONSORED ADS"" 
        target=""_blank"">HDFC BANK LTD SPONSORED ADS</a>",40415F101,294462,['CAPITAL FUND MANAGEMENT']
VODAFONE GROUP PLC SPONSORED ADR,"<a href=""http://www.google.com/search?q=stock price VODAFONE GROUP PLC SPONSORED ADR"" 
        target=""_blank"">VODAFONE GROUP PLC SPONSORED ADR</a>",92857W308,288305,['CAPITAL FUND MANAGEMENT']
HUNTSMAN CORP COM,"<a href=""http://www.google.com/search?q=stock price HUNTSMAN CORP COM"" 
        target=""_blank"">HUNTSMAN CORP COM</a>",447011107,286740,['CAPITAL FUND MANAGEMENT']
VITAL FARMS INC COM,"<a href=""http://www.google.com/search?q=stock price VITAL FARMS INC COM"" 
        target=""_blank"">VITAL FARMS INC COM</a>",92847W103,284935,['CAPITAL FUND MANAGEMENT']
NEXTDECADE CORP COM,"<a href=""http://www.google.com/search?q=stock price NEXTDECADE CORP COM"" 
        target=""_blank"">NEXTDECADE CORP COM</a>",65342K105,277472,['CAPITAL FUND MANAGEMENT']
BATH & BODY WORKS INC COM,"<a href=""http://www.google.com/search?q=stock price BATH & BODY WORKS INC COM"" 
        target=""_blank"">BATH & BODY WORKS INC COM</a>",070830104,272934,['CAPITAL FUND MANAGEMENT']
KOHLS CORP COM,"<a href=""http://www.google.com/search?q=stock price KOHLS CORP COM"" 
        target=""_blank"">KOHLS CORP COM</a>",500255104,271116,['CAPITAL FUND MANAGEMENT']
TRIPADVISOR INC COM,"<a href=""http://www.google.com/search?q=stock price TRIPADVISOR INC COM"" 
        target=""_blank"">TRIPADVISOR INC COM</a>",896945201,264603,['CAPITAL FUND MANAGEMENT']
GAMESTOP CORP CL A,"<a href=""http://www.google.com/search?q=stock price GAMESTOP CORP CL A"" 
        target=""_blank"">GAMESTOP CORP CL A</a>",36467W109,260544,['CAPITAL FUND MANAGEMENT']
KYNDRYL HLDGS INC COMMON STOCK,"<a href=""http://www.google.com/search?q=stock price KYNDRYL HLDGS INC COMMON STOCK"" 
        target=""_blank"">KYNDRYL HLDGS INC COMMON STOCK</a>",50155Q100,232986,['CAPITAL FUND MANAGEMENT']
COMSTOCK RES INC COM,"<a href=""http://www.google.com/search?q=stock price COMSTOCK RES INC COM"" 
        target=""_blank"">COMSTOCK RES INC COM</a>",205768302,229768,['CAPITAL FUND MANAGEMENT']
PELOTON INTERACTIVE INC CL A COM,"<a href=""http://www.google.com/search?q=stock price PELOTON INTERACTIVE INC CL A COM"" 
        target=""_blank"">PELOTON INTERACTIVE INC CL A COM</a>",70614W100,229308,['CAPITAL FUND MANAGEMENT']
AMPRIUS TECHNOLOGIES INC COMMON STOCK,"<a href=""http://www.google.com/search?q=stock price AMPRIUS TECHNOLOGIES INC COMMON STOCK"" 
        target=""_blank"">AMPRIUS TECHNOLOGIES INC COMMON STOCK</a>",03214Q108,225918,['CAPITAL FUND MANAGEMENT']
CEMEX SA EURO MTN BE 144A SPON ADR NEW,"<a href=""http://www.google.com/search?q=stock price CEMEX SA EURO MTN BE 144A SPON ADR NEW"" 
        target=""_blank"">CEMEX SA EURO MTN BE 144A SPON ADR NEW</a>",151290889,223200,['CAPITAL FUND MANAGEMENT']
ENOVIX CORPORATION COM,"<a href=""http://www.google.com/search?q=stock price ENOVIX CORPORATION COM"" 
        target=""_blank"">ENOVIX CORPORATION COM</a>",293594107,214878,['CAPITAL FUND MANAGEMENT']
AMERICAN EAGLE OUTFITTERS IN COM,"<a href=""http://www.google.com/search?q=stock price AMERICAN EAGLE OUTFITTERS IN COM"" 
        target=""_blank"">AMERICAN EAGLE OUTFITTERS IN COM</a>",02553E106,213280,['CAPITAL FUND MANAGEMENT']
WENDYS CO COM,"<a href=""http://www.google.com/search?q=stock price WENDYS CO COM"" 
        target=""_blank"">WENDYS CO COM</a>",95058W100,203105,['CAPITAL FUND MANAGEMENT']
SOUNDHOUND AI INC CLASS A COM,"<a href=""http://www.google.com/search?q=stock price SOUNDHOUND AI INC CLASS A COM"" 
        target=""_blank"">SOUNDHOUND AI INC CLASS A COM</a>",836100107,201864,['CAPITAL FUND MANAGEMENT']
